"path_id","criteria","hr_os","selog_hr_os","ae","number_of_patients","ease","g_index","sucra_os"
"C134","Platelets, Hemoglobin, pdl1_tissue, ECOG",0.768392747712715,0.105562133602232,0.218137254901961,962,0.0208139428013232,0.904507580106489,28.7571258544922
"C6","Platelets, Hemoglobin, ECOG",0.777850645375436,0.104788828477835,0.219832735961769,989,0.000149494728173272,0.915254103931469,27.9809417724609
"C197","Neutrophils, Hemoglobin, hpv_test, pdl1_tissue, ECOG",0.771091947423653,0.136285271724896,0.204797047970479,637,0.145361656906893,0.87415596834127,27.6876373291016
"C101","Neutrophils, Hemoglobin, ALT, hpv_test, ECOG",0.773945538061759,0.13593477763887,0.206896551724138,645,0.139437601845749,0.888429510668925,27.4464874267578
"C148","Hemoglobin, AST, pdl1_tissue, ECOG",0.784055691226095,0.104079633805494,0.216494845360825,1026,0.00601070451685137,0.905797112009801,27.4444122314453
"C4","Hemoglobin, ECOG",0.78856366023868,0.102690197294838,0.221238938053097,1070,0.0292286293280211,0.912444227120148,27.0524597167969
"C68","Hemoglobin, hpv_test, ECOG",0.781335727181835,0.123706124794371,0.226173541963016,824,0.0607082190460939,0.89475155788316,27.0068817138672
"C164","Hemoglobin, ALT, pdl1_tissue, ECOG",0.788215786961287,0.103801393065183,0.216991963260619,1024,0.0241042878652327,0.907478091669974,26.9569396972656
"C132","Hemoglobin, pdl1_tissue, ECOG",0.794925709407498,0.102750092535843,0.219705549263873,1042,0.0221715299935508,0.90119787371761,26.3467559814453
"C20","Hemoglobin, AST, ECOG",0.794186756859306,0.104228376421999,0.218120805369127,1054,0.0282889069656278,0.914759334139245,26.2022705078125
"C36","Hemoglobin, ALT, ECOG",0.79408601970828,0.103689736911007,0.218855218855219,1051,0.0371162487129191,0.916111472645101,26.2015380859375
"C199","Neutrophils, Platelets, Hemoglobin, hpv_test, pdl1_tissue, ECOG",0.78953281432403,0.13831565778991,0.209213051823417,612,0.167670616126631,0.879636247190584,26.0837860107422
"C130","Platelets, pdl1_tissue, ECOG",0.795405885066135,0.104829025989662,0.215144230769231,980,0.0220625086828559,0.910455742289344,26.0496978759766
"C69","Neutrophils, Hemoglobin, hpv_test, ECOG",0.792299789478524,0.135428906274049,0.206463195691203,656,0.141438410347218,0.887190353115898,25.5805969238281
"C180","Hemoglobin, AST, ALT, pdl1_tissue, ECOG",0.800066782723852,0.103877575491105,0.217090069284064,1018,0.00962358324901191,0.905217236554038,25.5547332763672
"C00","",0.795738364561281,0.132406151576508,0.217391304347826,2175,0.0933076356234896,1,25.4815673828125
"C150","Platelets, Hemoglobin, AST, pdl1_tissue, ECOG",0.803093364962693,0.107061584410747,0.215080346106304,950,0.0170547663604763,0.912663788522828,25.3855133056641
"C172","Hemoglobin, Bilirubin, ALT, pdl1_tissue, ECOG",0.804877022873713,0.105459894369647,0.211583924349882,991,0.014628722443347,0.905080883840258,25.1940155029297
"C52","Hemoglobin, AST, ALT, ECOG",0.805027412677721,0.103961780385998,0.218961625282167,1045,0.0361335604466104,0.914058431772691,25.1649322509766
"C21","Neutrophils, Hemoglobin, AST, ECOG",0.804915894800897,0.111565362409696,0.203651685393259,838,0.0804601593519323,0.854881832736153,25.0987243652344
"C166","Platelets, Hemoglobin, ALT, pdl1_tissue, ECOG",0.804586548591237,0.106883096250327,0.214906832298136,946,0.0216122363536704,0.911249567953601,25.0489501953125
"C196","Hemoglobin, hpv_test, pdl1_tissue, ECOG",0.803601757717854,0.124167795256005,0.225947521865889,802,0.079544929275551,0.888236909611271,24.9564208984375
"C22","Platelets, Hemoglobin, AST, ECOG",0.805931342378736,0.107216554370084,0.216867469879519,977,0.0226529796465231,0.922958431540648,24.8955841064453
"C44","Hemoglobin, Bilirubin, ALT, ECOG",0.807441882612668,0.105517874524393,0.213625866050808,1018,0.0366566764911194,0.915166164626876,24.7395324707031
"C229","Neutrophils, Hemoglobin, ALT, hpv_test, pdl1_tissue, ECOG",0.802970686793001,0.13691552083678,0.205223880597015,626,0.138503862815164,0.874225806439716,24.6334686279297
"C140","Hemoglobin, Bilirubin, pdl1_tissue, ECOG",0.809329027493243,0.103909619267829,0.213785046728972,1004,0.0161274590351392,0.899984856332548,24.6056823730469
"C247","Neutrophils, Platelets, Hemoglobin, AST, ALT, hpv_test, pdl1_tissue, ECOG",0.802984878951205,0.140297644604663,0.21011673151751,600,0.168633488123568,0.87828893464251,24.5994415283203
"C209","Neutrophils, AST, hpv_test, pdl1_tissue, ECOG",0.806401913494974,0.136164924024432,0.203636363636364,640,0.120760136756124,0.882029992979321,24.42919921875
"C87","Neutrophils, Platelets, Hemoglobin, AST, hpv_test, ECOG",0.806485088387665,0.140343122484193,0.209737827715356,623,0.169248996371298,0.893426520684563,24.3293914794922
"C109","Neutrophils, Hemoglobin, Bilirubin, ALT, hpv_test, ECOG",0.807123741651591,0.13728422032522,0.207339449541284,637,0.170053652593317,0.901495514497183,24.2132110595703
"C231","Neutrophils, Platelets, Hemoglobin, ALT, hpv_test, pdl1_tissue, ECOG",0.804911852699281,0.139013429802948,0.209708737864078,602,0.1747026612548,0.88086530250114,24.1953887939453
"C28","Hemoglobin, Bilirubin, AST, ECOG",0.815522662846275,0.106320434025425,0.213133640552995,1020,0.0343266037700223,0.912863096858471,24.1926879882812
"C182","Platelets, Hemoglobin, AST, ALT, pdl1_tissue, ECOG",0.813342126348655,0.107391537516309,0.215442092154421,943,0.0194195664543322,0.910869111086937,24.0174407958984
"C228","Hemoglobin, ALT, hpv_test, pdl1_tissue, ECOG",0.810274695003405,0.125755496496502,0.223042836041359,787,0.0771674258254005,0.885648594491355,23.9983215332031
"C7","Neutrophils, Platelets, Hemoglobin, ECOG",0.813235487714319,0.111509550587968,0.210144927536232,817,0.0987253243460784,0.852407023500454,23.9978179931641
"C165","Neutrophils, Hemoglobin, ALT, pdl1_tissue, ECOG",0.812631552761977,0.110521380237896,0.202312138728324,813,0.0763756924757677,0.83611491152194,23.9514923095703
"C2","Platelets, ECOG",0.813604780536828,0.104575229811988,0.216881594372802,1007,0.014796961022175,0.922218431464805,23.9198303222656
"C213","Neutrophils, Hemoglobin, AST, hpv_test, pdl1_tissue, ECOG",0.811608531091647,0.13764319611774,0.204460966542751,627,0.147521033967597,0.872146627059913,23.8901824951172
"C84","Hemoglobin, AST, hpv_test, ECOG",0.811581991994571,0.125587227716842,0.222701149425288,811,0.0879668936996279,0.881866529960164,23.8555145263672
"C12","Hemoglobin, Bilirubin, ECOG",0.813959172076356,0.104231288113591,0.215507411630559,1032,0.0320833284876614,0.912166809271679,23.8548431396484
"C188","Hemoglobin, Bilirubin, AST, ALT, pdl1_tissue, ECOG",0.816327876578094,0.10637515841987,0.211652794292509,985,0.0164362186096365,0.901781315053855,23.8367767333984
"C100","Hemoglobin, ALT, hpv_test, ECOG",0.811925741675406,0.12552158463714,0.223665223665224,808,0.080442569304064,0.891635243821173,23.8162384033203
"C133","Neutrophils, Hemoglobin, pdl1_tissue, ECOG",0.816932204604883,0.11037871390747,0.202857142857143,826,0.0839216354986396,0.832657116001044,23.7920379638672
"C37","Neutrophils, Hemoglobin, ALT, ECOG",0.815905642605542,0.110839259916687,0.204225352112676,837,0.0954616087514821,0.850080620157803,23.7392730712891
"C38","Platelets, Hemoglobin, ALT, ECOG",0.816390978711422,0.106933183917372,0.216969696969696,972,0.0308676745465111,0.922441048528141,23.7079620361328
"C156","Hemoglobin, Bilirubin, AST, pdl1_tissue, ECOG",0.81714367140678,0.10634768168771,0.21133412042503,992,0.0230319339726859,0.903389083254364,23.6821441650391
"C135","Neutrophils, Platelets, Hemoglobin, pdl1_tissue, ECOG",0.816501436807345,0.111787627542772,0.208333333333334,794,0.0860882124758482,0.837284037829616,23.5591278076172
"C244","Hemoglobin, AST, ALT, hpv_test, pdl1_tissue, ECOG",0.815935861682469,0.126587129753051,0.222882615156018,782,0.0765101188696724,0.878714268479702,23.5545654296875
"C212","Hemoglobin, AST, hpv_test, pdl1_tissue, ECOG",0.814207364884271,0.126165579504888,0.22238586156112,789,0.0982294760651687,0.876416462751641,23.4645843505859
"C97","Neutrophils, ALT, hpv_test, ECOG",0.816268729958275,0.13591157126823,0.206039076376554,658,0.156112832457906,0.895980609877381,23.4417266845703
"C53","Neutrophils, Hemoglobin, AST, ALT, ECOG",0.818201561305037,0.111424923003811,0.205091937765205,833,0.0890316808033618,0.85100507500358,23.3904266357422
"C237","Neutrophils, Hemoglobin, Bilirubin, ALT, hpv_test, pdl1_tissue, ECOG",0.814072016880558,0.138743017670183,0.20566037735849,618,0.168382021042373,0.888319932250692,23.3800659179688
"C241","Neutrophils, AST, ALT, hpv_test, pdl1_tissue, ECOG",0.818265353200052,0.136454421481934,0.205504587155963,635,0.142050595212575,0.8795837078435,23.2485961914062
"C5","Neutrophils, Hemoglobin, ECOG",0.821745463834397,0.1095665543779,0.204735376044569,850,0.100059666061353,0.847368114614018,23.2263946533203
"C54","Platelets, Hemoglobin, AST, ALT, ECOG",0.82315378442898,0.107243240790809,0.217496962332929,969,0.026445408299014,0.921386988252108,23.1403961181641
"C215","Neutrophils, Platelets, Hemoglobin, AST, hpv_test, pdl1_tissue, ECOG",0.816960244490824,0.140234520554921,0.208092485549133,605,0.173566382899645,0.88017222303946,23.1398773193359
"C183","Neutrophils, Platelets, Hemoglobin, AST, ALT, pdl1_tissue, ECOG",0.823567726325845,0.112916591435889,0.208144796380091,780,0.0859489242827729,0.842262115866326,22.9623413085938
"C103","Neutrophils, Platelets, Hemoglobin, ALT, hpv_test, ECOG",0.820254625671199,0.138754240184739,0.211320754716981,620,0.176582111935561,0.893162813917446,22.9005584716797
"C39","Neutrophils, Platelets, Hemoglobin, ALT, ECOG",0.824614127333127,0.11287526699078,0.209677419354838,805,0.101315416281985,0.853265056491767,22.8664245605469
"C174","Platelets, Hemoglobin, Bilirubin, ALT, pdl1_tissue, ECOG",0.826617269588246,0.108829392304758,0.214824120603015,934,0.0470343211760065,0.918641356512137,22.6580047607422
"C85","Neutrophils, Hemoglobin, AST, hpv_test, ECOG",0.824982963532464,0.137294685084506,0.206148282097649,646,0.177606976964835,0.885697258081404,22.5404815673828
"C60","Hemoglobin, Bilirubin, AST, ALT, ECOG",0.829356391736545,0.105677871574813,0.213704994192799,1012,0.0415593571469521,0.911606555587355,22.3898315429688
"C221","Neutrophils, Hemoglobin, Bilirubin, AST, hpv_test, pdl1_tissue, ECOG",0.824191549777278,0.139001924570242,0.20527306967985,618,0.170818477505871,0.888277330732595,22.3300018310547
"C45","Neutrophils, Hemoglobin, Bilirubin, ALT, ECOG",0.830443050254238,0.112695323741824,0.203994293865906,825,0.0916428666753482,0.863498224649241,22.3053283691406
"C151","Neutrophils, Platelets, Hemoglobin, AST, pdl1_tissue, ECOG",0.830478525258467,0.11279280549304,0.206586826347306,785,0.0994442833405391,0.847227272961621,22.2244110107422
"C116","Hemoglobin, AST, ALT, hpv_test, ECOG",0.827114272706381,0.126534556316264,0.223512336719884,803,0.0861583410880282,0.884142734957028,22.2184295654297
"C149","Neutrophils, Hemoglobin, AST, pdl1_tissue, ECOG",0.829734698739973,0.111452168208842,0.201729106628242,814,0.085495333579998,0.842723907696771,22.2062683105469
"C233","Neutrophils, Bilirubin, ALT, hpv_test, pdl1_tissue, ECOG",0.82887180019052,0.137838319771799,0.205175600739372,630,0.176520531312298,0.89742103838544,22.1981201171875
"C14","Platelets, Hemoglobin, Bilirubin, ECOG",0.831629213677126,0.106855278272968,0.219128329297821,972,0.0577462539132927,0.919950955848696,22.0763854980469
"C144","AST, pdl1_tissue, ECOG",0.832315559960279,0.102966300111187,0.215401785714286,1052,0.0331101931520346,0.918036725508886,22.0736236572266
"C89","Neutrophils, Bilirubin, AST, hpv_test, ECOG",0.830549606892097,0.137396709128928,0.206463195691203,649,0.183013173302503,0.907882617107628,22.0484161376953
"C131","Neutrophils, Platelets, pdl1_tissue, ECOG",0.832280143962432,0.11133199857453,0.206140350877193,807,0.080524458940721,0.835116155295314,22.0444946289062
"C23","Neutrophils, Platelets, Hemoglobin, AST, ECOG",0.833825249821334,0.112783998657466,0.208454810495626,808,0.108555713308867,0.860700355250514,22.0403594970703
"C245","Neutrophils, Hemoglobin, AST, ALT, hpv_test, pdl1_tissue, ECOG",0.830715560848768,0.137520344564832,0.206378986866792,622,0.159111860035428,0.870377591945039,22.0344390869141
"C160","ALT, pdl1_tissue, ECOG",0.833938094271008,0.103037609091754,0.215883668903803,1050,0.0354969804011063,0.919980450926592,21.9955291748047
"C125","Neutrophils, Hemoglobin, Bilirubin, AST, ALT, hpv_test, ECOG",0.831807317153416,0.138709904733778,0.208487084870849,633,0.176054156311892,0.89942208550017,21.9134368896484
"C65","Neutrophils, hpv_test, ECOG",0.830250626249646,0.134610147934111,0.205623901581722,669,0.142234226346379,0.895071698511492,21.8720245361328
"C93","Neutrophils, Hemoglobin, Bilirubin, AST, hpv_test, ECOG",0.832966211615142,0.138036264734586,0.206959706959707,637,0.196367092904912,0.900430862310549,21.8089752197266
"C83","Neutrophils, Platelets, AST, hpv_test, ECOG",0.832317096494489,0.139085043967645,0.208487084870849,632,0.184500055999797,0.90022299150002,21.7929534912109
"C253","Neutrophils, Hemoglobin, Bilirubin, AST, ALT, hpv_test, pdl1_tissue, ECOG",0.832274400343051,0.139232727815823,0.206831119544592,614,0.167469663002724,0.886146358019464,21.7430572509766
"C181","Neutrophils, Hemoglobin, AST, ALT, pdl1_tissue, ECOG",0.833796388890181,0.11128542811084,0.203193033381713,809,0.0826718695296365,0.838128455274515,21.7371978759766
"C176","AST, ALT, pdl1_tissue, ECOG",0.836310324187668,0.103427498205506,0.215973003374578,1044,0.0375563174993132,0.917147507879614,21.7178649902344
"C225","Neutrophils, ALT, hpv_test, pdl1_tissue, ECOG",0.83275400472801,0.136151345451372,0.204379562043796,639,0.127331604911436,0.881824174570953,21.6893768310547
"C80","AST, hpv_test, ECOG",0.835070080547636,0.124269430266312,0.222689075630252,831,0.0872031652465044,0.895573803612223,21.6307220458984
"C128","pdl1_tissue, ECOG",0.835860852302757,0.101678645018427,0.218543046357615,1068,0.0307513222700553,0.911265761569464,21.6298217773438
"C195","Neutrophils, Platelets, hpv_test, pdl1_tissue, ECOG",0.832614152888569,0.137519927883387,0.207939508506616,621,0.151492178108612,0.886130523539507,21.6224670410156
"C117","Neutrophils, Hemoglobin, AST, ALT, hpv_test, ECOG",0.832384966505337,0.137591606129588,0.208029197080292,641,0.17048831886178,0.88368286050798,21.6183471679688
"C16","AST, ECOG",0.837361555619311,0.102801203419035,0.21701199563795,1080,0.0451642537904828,0.929758602166497,21.5588226318359
"C105","Neutrophils, Bilirubin, ALT, hpv_test, ECOG",0.83646585076028,0.13701593957441,0.206834532374101,649,0.190386940464578,0.910462166060421,21.4518737792969
"C192","hpv_test, pdl1_tissue, ECOG",0.836733905334746,0.122900210548118,0.225852272727272,822,0.0899187217772894,0.898651560715148,21.4221496582031
"C167","Neutrophils, Platelets, Hemoglobin, ALT, pdl1_tissue, ECOG",0.836037827683565,0.112566616449631,0.207831325301205,782,0.090402141497324,0.839680068571514,21.3689575195312
"C249","Neutrophils, Bilirubin, AST, ALT, hpv_test, pdl1_tissue, ECOG",0.83733096446275,0.137789855455055,0.20631970260223,626,0.171721052931608,0.894975993800982,21.3306121826172
"C121","Neutrophils, Bilirubin, AST, ALT, hpv_test, ECOG",0.835916407514942,0.137397091161983,0.207956600361664,645,0.168211554491979,0.906683361385312,21.2923889160156
"C30","Platelets, Hemoglobin, Bilirubin, AST, ECOG",0.838102379512407,0.108901344187879,0.217073170731707,964,0.0513801594539511,0.926484250174097,21.2913970947266
"C157","Neutrophils, Hemoglobin, Bilirubin, AST, pdl1_tissue, ECOG",0.839036914732619,0.113003518195854,0.201754385964913,801,0.0794161155409974,0.85199647874625,21.2416687011719
"C136","Bilirubin, pdl1_tissue, ECOG",0.840135264774245,0.103354154834484,0.212328767123287,1027,0.0349526551795143,0.908549060326635,21.1967315673828
"C81","Neutrophils, AST, hpv_test, ECOG",0.840735635073175,0.136482191444653,0.205309734513274,659,0.165367881671459,0.895515773626964,21.1498413085938
"C142","Platelets, Hemoglobin, Bilirubin, pdl1_tissue, ECOG",0.84182373380484,0.107354514758011,0.217391304347827,945,0.0493859942034058,0.909931405422208,21.1434631347656
"C29","Neutrophils, Hemoglobin, Bilirubin, AST, ECOG",0.840135666891088,0.112894297877336,0.203703703703704,825,0.0911150330195936,0.866620762393469,21.1218414306641
"C46","Platelets, Hemoglobin, Bilirubin, ALT, ECOG",0.839637447766368,0.109019977094594,0.216911764705882,960,0.0676708816667886,0.928517231871004,21.1108856201172
"C48","AST, ALT, ECOG",0.840887265126938,0.103541833060233,0.217821782178218,1071,0.0436566282453452,0.928320131970071,21.0379638671875
"C55","Neutrophils, Platelets, Hemoglobin, AST, ALT, ECOG",0.840111672276287,0.113047946146801,0.209985315712188,803,0.106351553046086,0.856150221765912,20.9768676757812
"C158","Platelets, Hemoglobin, Bilirubin, AST, pdl1_tissue, ECOG",0.842000024742843,0.108812018647538,0.215269086357948,937,0.0436547516264316,0.917404389293368,20.9328155517578
"C32","ALT, ECOG",0.842901979298899,0.102652121763233,0.217724288840263,1077,0.0547663228473716,0.93112996659474,20.8565826416016
"C34","Platelets, ALT, ECOG",0.843654356875421,0.106459764105745,0.214030915576695,990,0.0419113101406305,0.929059663833171,20.8016662597656
"C146","Platelets, AST, pdl1_tissue, ECOG",0.843535065298849,0.106396187730008,0.212121212121212,968,0.0303793269859749,0.919633458358556,20.7774505615234
"C198","Platelets, Hemoglobin, hpv_test, pdl1_tissue, ECOG",0.841925410462545,0.129621718647381,0.220820189274448,740,0.095092257404382,0.8928500206577,20.7442169189453
"C71","Neutrophils, Platelets, Hemoglobin, hpv_test, ECOG",0.844142249522167,0.137666470357008,0.210820895522388,630,0.179484978929699,0.890611827986636,20.7022705078125
"C217","Neutrophils, Bilirubin, AST, hpv_test, pdl1_tissue, ECOG",0.841087269826722,0.138245423580456,0.204797047970479,630,0.187923309508711,0.896941380029274,20.6739654541016
"C47","Neutrophils, Platelets, Hemoglobin, Bilirubin, ALT, ECOG",0.845168933190656,0.114845717629361,0.209509658246657,793,0.11177383530721,0.868954946033762,20.4700469970703
"C31","Neutrophils, Platelets, Hemoglobin, Bilirubin, AST, ECOG",0.846107528224704,0.115546373966267,0.208579881656805,795,0.118894968634057,0.874787181376688,20.4609069824219
"C62","Platelets, Hemoglobin, Bilirubin, AST, ALT, ECOG",0.846050564922233,0.109075077959987,0.217444717444717,957,0.0554846099445427,0.925627575116851,20.4601745605469
"C173","Neutrophils, Hemoglobin, Bilirubin, ALT, pdl1_tissue, ECOG",0.847115910335615,0.112700064175212,0.202049780380674,801,0.0911318714213236,0.847443899869646,20.4055633544922
"C70","Platelets, Hemoglobin, hpv_test, ECOG",0.847895757829174,0.12962647308483,0.221198156682027,761,0.11042225264504,0.899042307141279,20.3883361816406
"C64","hpv_test, ECOG",0.845885403128178,0.122552124432783,0.226074895977808,844,0.097342328455877,0.906378913684997,20.3800811767578
"C61","Neutrophils, Hemoglobin, Bilirubin, AST, ALT, ECOG",0.847363246246947,0.113194387935442,0.204871060171919,821,0.0944513773273601,0.863218294350507,20.3797607421875
"C227","Neutrophils, Platelets, ALT, hpv_test, pdl1_tissue, ECOG",0.846265861797271,0.138448295780274,0.208413001912046,611,0.169148666535863,0.885421617966955,20.3780212402344
"C19","Neutrophils, Platelets, AST, ECOG",0.847009869727668,0.112699854787812,0.206303724928366,821,0.103587092464809,0.858455661611161,20.3684234619141
"C201","Neutrophils, Bilirubin, hpv_test, pdl1_tissue, ECOG",0.846648503680692,0.136781415098336,0.205128205128205,637,0.168212030375186,0.894883068723331,20.3471374511719
"C204","Hemoglobin, Bilirubin, hpv_test, pdl1_tissue, ECOG",0.847106196137306,0.126063705386314,0.219033232628399,769,0.153950947216285,0.898710043563332,20.3318939208984
"C208","AST, hpv_test, pdl1_tissue, ECOG",0.848405939608877,0.124876534377785,0.222381635581062,809,0.0961774996138036,0.888962854480146,20.3314819335938
"C162","Platelets, ALT, pdl1_tissue, ECOG",0.848827697321647,0.106858811938537,0.211936662606577,964,0.0362708861726559,0.915840331047772,20.3229522705078
"C10","Platelets, Bilirubin, ECOG",0.847609031457087,0.107190756392122,0.216666666666667,988,0.056550338716252,0.92784871065293,20.2989654541016
"C138","Platelets, Bilirubin, pdl1_tissue, ECOG",0.84892133369613,0.107196308234982,0.214896214896215,961,0.0511671622617169,0.916098266432763,20.2781982421875
"C63","Neutrophils, Platelets, Hemoglobin, Bilirubin, AST, ALT, ECOG",0.849532284746213,0.114880383068166,0.209821428571429,791,0.117764702943286,0.871090969172384,20.2518463134766
"C99","Neutrophils, Platelets, ALT, hpv_test, ECOG",0.849299359201085,0.138581954402015,0.210037174721189,629,0.185031527599133,0.898611289978377,20.1503143310547
"C67","Neutrophils, Platelets, hpv_test, ECOG",0.851814853298448,0.137737651666209,0.209558823529412,639,0.179975841193314,0.898191322082417,20.0416259765625
"C147","Neutrophils, Platelets, AST, pdl1_tissue, ECOG",0.850720554222691,0.113165491752277,0.204411764705883,798,0.087312247318371,0.844558539178003,20.0404968261719
"C8","Bilirubin, ECOG",0.850634356023732,0.103187327331819,0.214046822742475,1055,0.0480124516938929,0.92196110650749,19.9558258056641
"C230","Platelets, Hemoglobin, ALT, hpv_test, pdl1_tissue, ECOG",0.850065216805891,0.131882282618782,0.2176,726,0.142490785821016,0.900250790933254,19.9169769287109
"C0","ECOG",0.850578269962145,0.101162765268019,0.220064724919094,1096,0.0482426369120421,0.924427574417338,19.9084777832031
"C175","Neutrophils, Platelets, Hemoglobin, Bilirubin, ALT, pdl1_tissue, ECOG",0.850882913945891,0.11477127203881,0.20763358778626,770,0.105514279011196,0.856138864431212,19.7962341308594
"C3","Neutrophils, Platelets, ECOG",0.853779147710541,0.111201379582909,0.207977207977208,830,0.116966746605051,0.849997488870513,19.7901000976562
"C141","Neutrophils, Hemoglobin, Bilirubin, pdl1_tissue, ECOG",0.853063461583845,0.112169608643545,0.202898550724638,810,0.0989346938338316,0.842698888422047,19.7674102783203
"C40","Bilirubin, ALT, ECOG",0.852898955095251,0.104275930920315,0.212189616252822,1041,0.0632435657398187,0.925302714074837,19.6948394775391
"C112","AST, ALT, hpv_test, ECOG",0.85390613820805,0.12512682869507,0.223479490806224,823,0.0902627552220929,0.897105714780926,19.6918334960938
"C190","Platelets, Hemoglobin, Bilirubin, AST, ALT, pdl1_tissue, ECOG",0.853279108186984,0.109382305060157,0.215365239294711,931,0.0510657777437102,0.916260789657269,19.6248474121094
"C189","Neutrophils, Hemoglobin, Bilirubin, AST, ALT, pdl1_tissue, ECOG",0.854739745106568,0.112972440175562,0.202941176470588,797,0.0872533501638393,0.849001885217483,19.5908355712891
"C159","Neutrophils, Platelets, Hemoglobin, Bilirubin, AST, pdl1_tissue, ECOG",0.855319767026122,0.11527087963373,0.206686930091186,772,0.108699917514748,0.86231562181547,19.5389862060547
"C220","Hemoglobin, Bilirubin, AST, hpv_test, pdl1_tissue, ECOG",0.853739307793785,0.127944981460904,0.216463414634147,760,0.16236566852484,0.885764161690938,19.5220489501953
"C56","Bilirubin, AST, ALT, ECOG",0.856013261524095,0.105003890538003,0.212258796821794,1035,0.0586125204699588,0.922428077390424,19.4532012939453
"C24","Bilirubin, AST, ECOG",0.856974255666688,0.104883601809639,0.211711711711712,1043,0.0604858839628391,0.923284881641448,19.4375610351562
"C18","Platelets, AST, ECOG",0.85608297574546,0.107173889905373,0.213947990543735,995,0.0491863559215151,0.931669201225645,19.4277496337891
"C214","Platelets, Hemoglobin, AST, hpv_test, pdl1_tissue, ECOG",0.855527596605349,0.132617413810219,0.217460317460317,731,0.128947465295153,0.888289765845724,19.4106292724609
"C179","Neutrophils, Platelets, AST, ALT, pdl1_tissue, ECOG",0.854787327855084,0.112939314648866,0.205925925925926,793,0.0837914257533379,0.84013506379023,19.3650970458984
"C42","Platelets, Bilirubin, ALT, ECOG",0.856871229056676,0.108199058157142,0.214457831325301,976,0.0627190236474129,0.936775249164216,19.3577880859375
"C178","Platelets, AST, ALT, pdl1_tissue, ECOG",0.857068694958588,0.107000527797767,0.212454212454213,961,0.0272249163891514,0.917378463406028,19.3305969238281
"C170","Platelets, Bilirubin, ALT, pdl1_tissue, ECOG",0.858352989606499,0.10877316943109,0.212345679012346,950,0.0500995271511362,0.924704103624704,19.3022003173828
"C246","Platelets, Hemoglobin, AST, ALT, hpv_test, pdl1_tissue, ECOG",0.860002379008824,0.132943317404666,0.217948717948718,724,0.154523300321916,0.892362276874104,19.2335205078125
"C113","Neutrophils, AST, ALT, hpv_test, ECOG",0.860449710016148,0.13605715629445,0.207142857142857,654,0.168893650048249,0.893073895054315,19.1574401855469
"C26","Platelets, Bilirubin, AST, ECOG",0.860207662997975,0.108661556338708,0.21462829736211,980,0.0601664286441661,0.935355489319991,19.0289306640625
"C51","Neutrophils, Platelets, AST, ALT, ECOG",0.859232999971774,0.112533559036197,0.207792207792208,816,0.0970687780670387,0.85458064467708,19.0264892578125
"C35","Neutrophils, Platelets, ALT, ECOG",0.86044837471728,0.112263512364836,0.207492795389049,818,0.114977728347884,0.851265737347288,19.0070495605469
"C168","Bilirubin, ALT, pdl1_tissue, ECOG",0.860281046108464,0.104586756779214,0.210161662817552,1014,0.058873167616263,0.914450761384036,18.9924774169922
"C184","Bilirubin, AST, ALT, pdl1_tissue, ECOG",0.860566702264258,0.104981703767311,0.210220673635307,1008,0.0552367555671958,0.911477716883018,18.9889373779297
"C152","Bilirubin, AST, pdl1_tissue, ECOG",0.860650707589024,0.104937878574722,0.209919261822376,1015,0.0567065038134735,0.912022792173777,18.8356628417969
"C115","Neutrophils, Platelets, AST, ALT, hpv_test, ECOG",0.861936464793804,0.138829772933762,0.210428305400372,627,0.192396324769746,0.897545520408028,18.7919311523438
"C92","Hemoglobin, Bilirubin, AST, hpv_test, ECOG",0.861390794818043,0.127430512560281,0.216939078751858,782,0.168199436155583,0.892666782487777,18.7791595458984
"C243","Neutrophils, Platelets, AST, ALT, hpv_test, pdl1_tissue, ECOG",0.866574458321799,0.139015574180522,0.208812260536399,609,0.182475578903841,0.883938688410195,18.6829986572266
"C154","Platelets, Bilirubin, AST, pdl1_tissue, ECOG",0.861392274969567,0.108501836856826,0.212792127921279,953,0.055007994686062,0.925434138484304,18.6701507568359
"C77","Neutrophils, Hemoglobin, Bilirubin, hpv_test, ECOG",0.864710335823694,0.136498470486329,0.207272727272727,644,0.219437279259318,0.898648452306689,18.6590423583984
"C161","Neutrophils, ALT, pdl1_tissue, ECOG",0.862437311287831,0.111198797034674,0.200564971751413,830,0.0965369941385712,0.836113316262221,18.6202697753906
"C129","Neutrophils, pdl1_tissue, ECOG",0.865480861250436,0.109712053471496,0.201117318435754,843,0.100818763780317,0.833792478404492,18.5624237060547
"C186","Platelets, Bilirubin, AST, ALT, pdl1_tissue, ECOG",0.862683366193791,0.108740113838419,0.212871287128713,947,0.0420857738602296,0.924470724864471,18.5414276123047
"C163","Neutrophils, Platelets, ALT, pdl1_tissue, ECOG",0.864389817882183,0.112465961295439,0.205621301775147,795,0.0874729193260537,0.838043662211267,18.531982421875
"C58","Platelets, Bilirubin, AST, ALT, ECOG",0.865838649053927,0.108519400162671,0.214975845410628,973,0.0591088673012268,0.934832162724822,18.4533386230469
"C169","Neutrophils, Bilirubin, ALT, pdl1_tissue, ECOG",0.865870748446687,0.112337426397169,0.200860832137733,816,0.111556991529172,0.853797135842914,18.4307250976562
"C50","Platelets, AST, ALT, ECOG",0.865878372931268,0.106903808704978,0.214541120381407,987,0.0474343060892686,0.929300389395566,18.4056854248047
"C211","Neutrophils, Platelets, AST, hpv_test, pdl1_tissue, ECOG",0.869099565764584,0.139300464029179,0.206831119544592,614,0.191532917467507,0.887310673731009,18.3641815185547
"C252","Hemoglobin, Bilirubin, AST, ALT, hpv_test, pdl1_tissue, ECOG",0.866333396273162,0.128758726893233,0.216589861751152,754,0.155500092789808,0.888142891174252,18.3336639404297
"C143","Neutrophils, Platelets, Hemoglobin, Bilirubin, pdl1_tissue, ECOG",0.868129746856734,0.114399101154278,0.208459214501511,778,0.106919960411987,0.850240891631838,18.3224945068359
"C13","Neutrophils, Hemoglobin, Bilirubin, ECOG",0.867131858220053,0.112371448921968,0.204802259887005,834,0.112685078830861,0.856982481909829,18.2486267089844
"C33","Neutrophils, ALT, ECOG",0.864407028306549,0.110530945232977,0.202479338842976,854,0.106349802316395,0.851886166133387,18.2449035644531
"C25","Neutrophils, Bilirubin, AST, ECOG",0.868627620785153,0.112773317246052,0.202513966480447,840,0.113100446580538,0.871232420598475,18.2381591796875
"C205","Neutrophils, Hemoglobin, Bilirubin, hpv_test, pdl1_tissue, ECOG",0.872515053413284,0.136982847765312,0.205607476635514,625,0.213507824021674,0.885330821921806,18.1676483154297
"C185","Neutrophils, Bilirubin, AST, ALT, pdl1_tissue, ECOG",0.867059930384233,0.113042126057087,0.201729106628242,812,0.0932697834100664,0.854752322945905,18.1598663330078
"C108","Hemoglobin, Bilirubin, ALT, hpv_test, ECOG",0.869600234668311,0.127512107532336,0.21758569299553,780,0.172966731589843,0.903208191653844,18.1421661376953
"C153","Neutrophils, Bilirubin, AST, pdl1_tissue, ECOG",0.870071007392394,0.113116889933829,0.200573065902579,816,0.101667540792929,0.857711285758817,18.0751647949219
"C86","Platelets, Hemoglobin, AST, hpv_test, ECOG",0.871408638062882,0.131650495121141,0.217928902627511,752,0.156295021824875,0.893635351661152,18.0171813964844
"C119","Neutrophils, Platelets, Hemoglobin, AST, ALT, hpv_test, ECOG",0.873832153561006,0.139401062312943,0.2117202268431,618,0.189590898456705,0.891069451462001,17.9238739013672
"C41","Neutrophils, Bilirubin, ALT, ECOG",0.871037834857972,0.112007688115401,0.202797202797203,840,0.125721687080991,0.867636597412799,17.8896026611328
"C193","Neutrophils, hpv_test, pdl1_tissue, ECOG",0.874903926194602,0.134936086550095,0.203971119133574,650,0.172398574951068,0.881572964877688,17.7740478515625
"C240","AST, ALT, hpv_test, pdl1_tissue, ECOG",0.874492109819457,0.1251538885727,0.222865412445731,802,0.0905302927877207,0.890678039697507,17.7226715087891
"C224","ALT, hpv_test, pdl1_tissue, ECOG",0.872336225233446,0.124657139118538,0.223021582733813,807,0.0900820966000926,0.89659662425613,17.6723327636719
"C216","Bilirubin, AST, hpv_test, pdl1_tissue, ECOG",0.875428566319876,0.127296018804108,0.215773809523809,778,0.153352036979033,0.898455210695883,17.6604919433594
"C57","Neutrophils, Bilirubin, AST, ALT, ECOG",0.873399019168392,0.112654927546939,0.203651685393259,836,0.111210465866837,0.867925925184808,17.5749053955078
"C11","Neutrophils, Platelets, Bilirubin, ECOG",0.872185435582123,0.113007603339819,0.208695652173913,812,0.135764830079717,0.867160467906492,17.5108795166016
"C236","Hemoglobin, Bilirubin, ALT, hpv_test, pdl1_tissue, ECOG",0.878246908203268,0.127953675833188,0.216793893129771,759,0.166278056105943,0.896227775754913,17.4588928222656
"C203","Neutrophils, Platelets, Bilirubin, hpv_test, pdl1_tissue, ECOG",0.879654610176065,0.139297330288543,0.209213051823417,608,0.234406187153031,0.899203157678636,17.4153442382812
"C207","Neutrophils, Platelets, Hemoglobin, Bilirubin, hpv_test, pdl1_tissue, ECOG",0.878689622942276,0.139734392103909,0.21011673151751,600,0.232787184249282,0.889811012324858,17.4009246826172
"C191","Neutrophils, Platelets, Hemoglobin, Bilirubin, AST, ALT, pdl1_tissue, ECOG",0.876493388394664,0.115465588511271,0.207951070336391,768,0.113964889250515,0.85802977696161,17.3450317382812
"C118","Platelets, Hemoglobin, AST, ALT, hpv_test, ECOG",0.88170611179176,0.131562674846501,0.21875,744,0.142648432311776,0.897269331652729,17.0837097167969
"C88","Bilirubin, AST, hpv_test, ECOG",0.882275072956365,0.127910930065908,0.216255442670537,800,0.176703849685671,0.904574964708915,17.0421600341797
"C1","Neutrophils, ECOG",0.879249860381838,0.10955604823919,0.202997275204359,867,0.125564345068316,0.849053061905529,16.9953918457031
"C66","Platelets, hpv_test, ECOG",0.880477729917591,0.128741842096883,0.219033232628399,773,0.120008079032686,0.914310908522871,16.9854278564453
"C124","Hemoglobin, Bilirubin, AST, ALT, hpv_test, ECOG",0.883465494584141,0.128075567971826,0.217391304347827,775,0.172756678007601,0.894460267642267,16.9837188720703
"C76","Hemoglobin, Bilirubin, hpv_test, ECOG",0.881896848911673,0.125941549455241,0.219440353460972,791,0.174359261504936,0.9063748132049,16.9814605712891
"C171","Neutrophils, Platelets, Bilirubin, ALT, pdl1_tissue, ECOG",0.877810479049994,0.114228518635196,0.206015037593985,781,0.119494823069634,0.856397745318195,16.9793701171875
"C96","ALT, hpv_test, ECOG",0.879699301331042,0.12485866327021,0.223628691983122,828,0.104868667702988,0.903577627529267,16.9020843505859
"C187","Neutrophils, Platelets, Bilirubin, AST, ALT, pdl1_tissue, ECOG",0.881731546531533,0.11524090168002,0.206325301204819,779,0.111416679626544,0.859335701901216,16.8324737548828
"C102","Platelets, Hemoglobin, ALT, hpv_test, ECOG",0.883782776954842,0.131324369769493,0.218408736349454,746,0.143593331205206,0.905637891684858,16.8226470947266
"C15","Neutrophils, Platelets, Hemoglobin, Bilirubin, ECOG",0.881109551236154,0.114476919991255,0.210294117647059,801,0.140294713803919,0.864956299137923,16.7207489013672
"C73","Neutrophils, Bilirubin, hpv_test, ECOG",0.885086728824509,0.135257381835832,0.206773618538324,656,0.231065366840989,0.906489186035029,16.6331329345703
"C137","Neutrophils, Bilirubin, pdl1_tissue, ECOG",0.884232603951297,0.112101013025593,0.201704545454545,825,0.114537143978299,0.849100394088455,16.5196685791016
"C155","Neutrophils, Platelets, Bilirubin, AST, pdl1_tissue, ECOG",0.884721123966623,0.115520406730447,0.205089820359282,783,0.118137560048051,0.863173677002599,16.4939727783203
"C75","Neutrophils, Platelets, Bilirubin, hpv_test, ECOG",0.889334348374523,0.138996219736135,0.210820895522388,626,0.239988525632506,0.911224195957915,16.4786834716797
"C145","Neutrophils, AST, pdl1_tissue, ECOG",0.88562066876626,0.111134371519211,0.2,831,0.107618638114124,0.843635638882227,16.4288482666016
"C177","Neutrophils, AST, ALT, pdl1_tissue, ECOG",0.885678662265484,0.111127491574599,0.201418439716312,826,0.0974538988071101,0.83954714745146,16.3878631591797
"C194","Platelets, hpv_test, pdl1_tissue, ECOG",0.890107537666821,0.129011896138244,0.21860465116279,752,0.113253018389171,0.908082906309185,16.3154602050781
"C17","Neutrophils, AST, ECOG",0.886923271376263,0.110475276342301,0.201923076923077,855,0.120309618443425,0.856524212086154,16.3043823242188
"C49","Neutrophils, AST, ALT, ECOG",0.888948011245779,0.110460501418396,0.203319502074689,850,0.117699924030041,0.852923837994231,16.0140838623047
"C248","Bilirubin, AST, ALT, hpv_test, pdl1_tissue, ECOG",0.894642770127171,0.127964560941275,0.215892053973013,772,0.162488009705416,0.90055097862994,15.7863464355469
"C9","Neutrophils, Bilirubin, ECOG",0.888935178741621,0.111427544606842,0.203601108033241,849,0.140324683048352,0.863829019754436,15.7649993896484
"C72","Bilirubin, hpv_test, ECOG",0.89347874306428,0.12504022768773,0.218705035971223,809,0.16297583011551,0.917784080711117,15.7576904296875
"C219","Neutrophils, Platelets, Bilirubin, AST, hpv_test, pdl1_tissue, ECOG",0.897539889331379,0.140661631846959,0.208092485549133,604,0.241149945996656,0.902127859538115,15.7037658691406
"C111","Neutrophils, Platelets, Hemoglobin, Bilirubin, ALT, hpv_test, ECOG",0.897674430246578,0.141996533900519,0.211832061068703,612,0.259004618632068,0.906517127790922,15.6924285888672
"C139","Neutrophils, Platelets, Bilirubin, pdl1_tissue, ECOG",0.894615349133353,0.113577394289519,0.206845238095238,789,0.134118614214845,0.851603726231785,15.6434783935547
"C43","Neutrophils, Platelets, Bilirubin, ALT, ECOG",0.896672679468535,0.114434564184897,0.207906295754027,804,0.160528953946183,0.870894195605914,15.3720245361328
"C27","Neutrophils, Platelets, Bilirubin, AST, ECOG",0.894351120848807,0.114610548385267,0.206997084548104,806,0.150895319817387,0.87653388771473,15.3606262207031
"C59","Neutrophils, Platelets, Bilirubin, AST, ALT, ECOG",0.897497809260805,0.11449387139884,0.208211143695015,802,0.147946688869109,0.873430122902331,15.2033081054688
"C120","Bilirubin, AST, ALT, hpv_test, ECOG",0.901543831840539,0.127906532788138,0.216691068814056,793,0.174460029926723,0.906165756514279,15.1793060302734
"C200","Bilirubin, hpv_test, pdl1_tissue, ECOG",0.901669962309109,0.125406837782976,0.218289085545722,787,0.171832144179077,0.910568175321679,15.086669921875
"C79","Neutrophils, Platelets, Hemoglobin, Bilirubin, hpv_test, ECOG",0.908567143320329,0.139925341009357,0.2117202268431,618,0.256957030028203,0.90113503958943,14.6102600097656
"C104","Bilirubin, ALT, hpv_test, ECOG",0.907549793013626,0.126731319572818,0.216885007278021,798,0.184452313623571,0.91473904275103,14.5518035888672
"C232","Bilirubin, ALT, hpv_test, pdl1_tissue, ECOG",0.910662782049463,0.127299297947614,0.216095380029806,777,0.175464768258973,0.908529411139269,14.1339416503906
"C210","Platelets, AST, hpv_test, pdl1_tissue, ECOG",0.914727945297854,0.131433063611158,0.215288611544461,743,0.15692774650042,0.904242534171433,14.0376739501953
"C82","Platelets, AST, hpv_test, ECOG",0.914529165527253,0.129662475033989,0.21580547112462,764,0.168332414142638,0.909664495806599,13.9409942626953
"C223","Neutrophils, Platelets, Hemoglobin, Bilirubin, AST, hpv_test, pdl1_tissue, ECOG",0.916807874942862,0.141768521278836,0.208984375,596,0.270817697019965,0.89327465438522,13.8143310546875
"C91","Neutrophils, Platelets, Bilirubin, AST, hpv_test, ECOG",0.918982784142377,0.140956458023348,0.209737827715356,622,0.275035226174064,0.915419690915965,13.8000640869141
"C95","Neutrophils, Platelets, Hemoglobin, Bilirubin, AST, hpv_test, ECOG",0.924823979332559,0.142679011916086,0.210626185958254,614,0.293423038069836,0.905950032050236,13.6961975097656
"C226","Platelets, ALT, hpv_test, pdl1_tissue, ECOG",0.922134118409044,0.13085903528649,0.215408805031446,738,0.153845513325816,0.912797352697737,13.5179290771484
"C123","Neutrophils, Platelets, Bilirubin, AST, ALT, hpv_test, ECOG",0.922543970477514,0.141069142301918,0.211320754716981,618,0.270441818843782,0.913603829388562,13.3180236816406
"C242","Platelets, AST, ALT, hpv_test, pdl1_tissue, ECOG",0.923011013620448,0.131529964540493,0.215748031496063,736,0.15887758986782,0.908015187909349,13.2940216064453
"C78","Platelets, Hemoglobin, Bilirubin, hpv_test, ECOG",0.928706325244412,0.13169075304146,0.220839813374806,748,0.196107792033422,0.906980375530837,12.9977264404297
"C239","Neutrophils, Platelets, Hemoglobin, Bilirubin, ALT, hpv_test, pdl1_tissue, ECOG",0.927015241162088,0.141317959267795,0.210216110019646,594,0.264398976049952,0.89407706645788,12.9299163818359
"C127","Neutrophils, Platelets, Hemoglobin, Bilirubin, AST, ALT, hpv_test, ECOG",0.931411325773964,0.142828200360909,0.212237093690249,610,0.280664461873088,0.904110896437984,12.9014739990234
"C114","Platelets, AST, ALT, hpv_test, ECOG",0.929534799534571,0.13066816528591,0.216589861751152,756,0.165179162661815,0.914076927920249,12.7689361572266
"C107","Neutrophils, Platelets, Bilirubin, ALT, hpv_test, ECOG",0.935609464601634,0.140495442394963,0.210922787193974,620,0.263069394914004,0.91382423155622,12.7441253662109
"C98","Platelets, ALT, hpv_test, ECOG",0.931044999754698,0.130209682084956,0.216257668711657,758,0.173415854538161,0.920052593263757,12.666748046875
"C251","Neutrophils, Platelets, Bilirubin, AST, ALT, hpv_test, pdl1_tissue, ECOG",0.939494118471308,0.14159948475992,0.209708737864078,600,0.281079961300827,0.900012146226462,12.2641906738281
"C206","Platelets, Hemoglobin, Bilirubin, hpv_test, pdl1_tissue, ECOG",0.939004042825846,0.131472434012094,0.220447284345048,727,0.205140347289958,0.899955103090235,12.0840911865234
"C255","Neutrophils, Platelets, Hemoglobin, Bilirubin, AST, ALT, hpv_test, pdl1_tissue, ECOG",0.944697934942908,0.142376759212252,0.210629921259843,592,0.274561675779214,0.891760979860553,11.8117828369141
"C235","Neutrophils, Platelets, Bilirubin, ALT, hpv_test, pdl1_tissue, ECOG",0.946545516292615,0.140923039514806,0.209302325581395,602,0.27552065252983,0.900982212828682,11.7024536132812
"C238","Platelets, Hemoglobin, Bilirubin, ALT, hpv_test, pdl1_tissue, ECOG",0.94996308115091,0.133664292229869,0.218093699515348,718,0.223101303035974,0.909019946893128,11.19970703125
"C222","Platelets, Hemoglobin, Bilirubin, AST, hpv_test, pdl1_tissue, ECOG",0.951467572018531,0.134512318574833,0.218298555377207,722,0.233507653217728,0.897117858663419,11.1161956787109
"C90","Platelets, Bilirubin, AST, hpv_test, ECOG",0.95489002678149,0.133131488402155,0.216923076923077,754,0.238097867373494,0.91239258866414,10.8845367431641
"C110","Platelets, Hemoglobin, Bilirubin, ALT, hpv_test, ECOG",0.962498556563963,0.133335602020831,0.218897637795275,738,0.227210421863797,0.914657721890759,10.2488250732422
"C94","Platelets, Hemoglobin, Bilirubin, AST, hpv_test, ECOG",0.971088892750665,0.133933569603873,0.21875,743,0.258993898395929,0.901526729235034,9.92976379394531
"C126","Platelets, Hemoglobin, Bilirubin, AST, ALT, hpv_test, ECOG",0.976538302214147,0.134187390076266,0.219242902208202,736,0.241266235287286,0.90586062129907,9.49484252929688
"C254","Platelets, Hemoglobin, Bilirubin, AST, ALT, hpv_test, pdl1_tissue, ECOG",0.981145808918231,0.135063651105621,0.218446601941748,716,0.242957416667029,0.901067077969198,9.29878234863281
"C234","Platelets, Bilirubin, ALT, hpv_test, pdl1_tissue, ECOG",0.978429532021977,0.133850140589618,0.216216216216216,729,0.258362556095109,0.922258799082149,9.24966430664062
"C202","Platelets, Bilirubin, hpv_test, pdl1_tissue, ECOG",0.979584560002291,0.131692179185183,0.218553459119497,738,0.234118557145695,0.915550674217471,9.18290710449219
"C218","Platelets, Bilirubin, AST, hpv_test, pdl1_tissue, ECOG",0.980533971393532,0.133813773452833,0.216429699842023,733,0.262265253095266,0.911829917554536,8.90701293945312
"C106","Platelets, Bilirubin, ALT, hpv_test, ECOG",0.993740854579139,0.13292244864318,0.217054263565891,749,0.261528794634321,0.924390073883763,8.38743591308594
"C122","Platelets, Bilirubin, AST, ALT, hpv_test, ECOG",0.990733869295707,0.133455068325478,0.217391304347827,747,0.245762901507531,0.917195787538798,8.32734680175781
"C250","Platelets, Bilirubin, AST, ALT, hpv_test, pdl1_tissue, ECOG",0.995666562038653,0.133853027208512,0.21656050955414,727,0.25473885125744,0.915847976402141,8.15045166015625
"C74","Platelets, Bilirubin, hpv_test, ECOG",1.00158254389847,0.131768707428019,0.218989280245023,759,0.260241797848107,0.921541181397172,7.88325500488281
