"path_id","criteria","hr_os","selog_hr_os","hr_pfs","selog_hr_pfs","ae","number_of_patients","ease","g_index","sucra_os","sucra_pfs"
"C321","BRAF_mutation, Bilirubin, neoadjuvant_treatment, ECOG",0.388274547005551,0.279942001360385,0.497282988761403,0.121135738519048,0.120720720720721,604,0.354317698495666,0.376762153311944,17.0243034362793,17.0553817749023
"C409","BRAF_mutation, Hemoglobin, ALT, Brain_Metastasis, neoadjuvant_treatment, ECOG",0.414264964685307,0.270582038972684,0.508159565150852,0.118301342126223,0.117424242424243,573,0.418086934717124,0.306371904534206,16.431713104248,16.6807899475098
"C177","BRAF_mutation, ALT, AST, Brain_Metastasis, ECOG",0.414383086885901,0.274367301658268,0.511871893746198,0.117700954173849,0.119926199261993,590,0.431891915139405,0.34403761973965,16.4160041809082,16.5581130981445
"C217","BRAF_mutation, Hemoglobin, ALT, Bilirubin, Brain_Metastasis, ECOG",0.417243052816209,0.277387389871474,0.524188902676684,0.118666065028092,0.108949416342413,555,0.427086077498519,0.341892321240737,16.3593673706055,16.1319122314453
"C465","BRAF_mutation, ALT, Bilirubin, Brain_Metastasis, neoadjuvant_treatment, ECOG",0.418126072994257,0.287793789192175,0.582732247721196,0.122506198897568,0.111969111969112,562,0.251139769646029,0.376486667615487,16.2823371887207,13.8700180053711
"C201","BRAF_mutation, Hemoglobin, Bilirubin, Brain_Metastasis, ECOG",0.421934945038126,0.292619797768576,0.439184283211638,0.124994917339615,0.112185686653772,559,0.525288351238881,0.378892441729449,16.089183807373,18.4594039916992
"C193","BRAF_mutation, Bilirubin, Brain_Metastasis, ECOG",0.433846723093464,0.289289067450458,0.4762411042334,0.124071651206872,0.114068441064639,571,0.481911597724598,0.3772099970729,15.885082244873,17.6269989013672
"C225","BRAF_mutation, AST, Bilirubin, Brain_Metastasis, ECOG",0.434492826186826,0.280534183775576,0.508083777288184,0.118687266473083,0.112595419847328,568,0.46637223734651,0.305046283929463,15.8825492858887,16.6591987609863
"C425","BRAF_mutation, Hemoglobin, AST, Brain_Metastasis, neoadjuvant_treatment, ECOG",0.440347458653401,0.272905339534381,0.511808068870767,0.118514175584344,0.118867924528302,576,0.424130907094876,0.332918463822096,15.7999382019043,16.5490188598633
"C473","BRAF_mutation, Hemoglobin, ALT, Bilirubin, Brain_Metastasis, neoadjuvant_treatment, ECOG",0.435342333438666,0.30383328345506,0.467549710744637,0.12911640546501,0.110019646365422,550,0.470461761300069,0.378705054109488,15.7965316772461,17.8243141174316
"C405","BRAF_mutation, Platelets_v1, ALT, Brain_Metastasis, neoadjuvant_treatment, ECOG",0.440337878311607,0.298919502783305,0.481938261990593,0.131815500294389,0.117416829745597,553,0.42987889402374,0.376709699758495,15.6588478088379,17.3910064697266
"C221","BRAF_mutation, Platelets_v1, Hemoglobin, ALT, Bilirubin, Brain_Metastasis, ECOG",0.446173181615389,0.277432784958301,0.551493798123958,0.120642454530404,0.108651911468813,534,0.34492304128564,0.198240535225576,15.6035385131836,15.0461311340332
"C17","BRAF_mutation, ALT, ECOG",0.445201970109994,0.290058534112779,0.550875632242603,0.122902209920186,0.125645438898451,634,0.452509183727186,0.8087168615024,15.6012420654297,15.0860900878906
"C197","BRAF_mutation, Platelets_v1, Bilirubin, Brain_Metastasis, ECOG",0.446697645844473,0.275793639547968,0.546738789378643,0.119556899770065,0.114173228346457,548,0.364363451609695,0.293912269166685,15.5429191589355,15.1989288330078
"C89","BRAF_mutation, Hemoglobin, ALT, Bilirubin, ECOG",0.45716637518279,0.270548081150766,0.544040795957185,0.114263748039639,0.115173674588665,592,0.382064994388093,0.262119600581,15.4853858947754,15.4585914611816
"C389","BRAF_mutation, Platelets_v1, Brain_Metastasis, neoadjuvant_treatment, ECOG",0.45366699148017,0.285725093323051,0.573503163578338,0.127348516036723,0.121387283236994,564,0.294550064862245,0.343756961900604,15.4138870239258,14.1931037902832
"C401","BRAF_mutation, ALT, Brain_Metastasis, neoadjuvant_treatment, ECOG",0.454083571585246,0.293132118070607,0.578073960582627,0.128120925197913,0.122222222222222,588,0.274457495582752,0.310106092721895,15.3912200927734,14.0238456726074
"C461","BRAF_mutation, Platelets_v1, Hemoglobin, Bilirubin, Brain_Metastasis, neoadjuvant_treatment, ECOG",0.46097053617118,0.275793984866435,0.541550158617294,0.120559553972507,0.113131313131313,532,0.363479231186375,0.364670134695562,15.3401756286621,15.5009078979492
"C353","BRAF_mutation, AST, Bilirubin, neoadjuvant_treatment, ECOG",0.455074275385362,0.293013191776703,0.547503928003726,0.123672665789086,0.119349005424955,601,0.345205928464388,0.338992686984654,15.3248825073242,15.1970901489258
"C477","BRAF_mutation, Platelets_v1, Hemoglobin, ALT, Bilirubin, Brain_Metastasis, neoadjuvant_treatment, ECOG",0.458745377672585,0.27982812176632,0.567648779271674,0.121696577887503,0.109756097560976,529,0.327743500108985,0.352581462711966,15.2962532043457,14.4218826293945
"C457","BRAF_mutation, Hemoglobin, Bilirubin, Brain_Metastasis, neoadjuvant_treatment, ECOG",0.465285409927932,0.273710308539074,0.566235171924908,0.119006291759266,0.11328125,554,0.350215200612253,0.379012918839748,15.2395896911621,14.549488067627
"C481","BRAF_mutation, AST, Bilirubin, Brain_Metastasis, neoadjuvant_treatment, ECOG",0.462683614049339,0.282447817518675,0.497262363761459,0.122261098304875,0.113680154142582,563,0.479010396323965,0.50346811877585,15.2045516967773,17.0059547424316
"C145","BRAF_mutation, ALT, Brain_Metastasis, ECOG",0.462574280118691,0.287738974480719,0.568205931788841,0.125245230063776,0.121100917431193,593,0.304878886029846,0.315722862581822,15.1700706481934,14.3941230773926
"C485","BRAF_mutation, Platelets_v1, AST, Bilirubin, Brain_Metastasis, neoadjuvant_treatment, ECOG",0.468218750831932,0.280151636240813,0.555909989847594,0.120703899881378,0.11377245508982,541,0.345979239306329,0.077662077870003,15.109920501709,14.9234924316406
"C117","BRAF_mutation, Platelets_v1, ALT, AST, Bilirubin, ECOG",0.464451723758358,0.295387986928184,0.55388016721307,0.125303676372624,0.11731843575419,581,0.289024667250789,0.313465096707979,15.0737266540527,14.9425163269043
"C253","BRAF_mutation, Platelets_v1, Hemoglobin, ALT, AST, Bilirubin, Brain_Metastasis, ECOG",0.468454185927645,0.281464992995798,0.557504540932402,0.121036212419909,0.108870967741935,533,0.342382826467507,0.301391137225829,15.0715484619141,14.8463821411133
"C445","BRAF_mutation, Platelets_v1, Hemoglobin, ALT, AST, Brain_Metastasis, neoadjuvant_treatment, ECOG",0.471746405990461,0.274322410119017,0.546748998212209,0.120875773306958,0.114228456913828,538,0.358949965792059,0.368334424034339,15.0576553344727,15.2903480529785
"C189","BRAF_mutation, Platelets_v1, Hemoglobin, ALT, AST, Brain_Metastasis, ECOG",0.471729993908154,0.274315796110767,0.555959972257594,0.120494133884829,0.113095238095238,543,0.348604032076197,0.279823266250214,15.0099296569824,14.8954696655273
"C397","BRAF_mutation, Platelets_v1, Hemoglobin, Brain_Metastasis, neoadjuvant_treatment, ECOG",0.475901087062756,0.267635825998322,0.54647653074951,0.119715635464464,0.117878192534381,550,0.360095136841265,0.332848426296875,14.8748893737793,15.2165451049805
"C153","BRAF_mutation, Hemoglobin, ALT, Brain_Metastasis, ECOG",0.474017184916047,0.297191431058199,0.561212686595089,0.130649531068929,0.116322701688555,578,0.317165637538812,0.287138322270737,14.8253402709961,14.630729675293
"C273","BRAF_mutation, ALT, neoadjuvant_treatment, ECOG",0.479811802550991,0.280168063723322,0.588622727899209,0.121628071127025,0.126736111111111,629,0.228646118363534,0.366893099809138,14.8108711242676,13.6385192871094
"C29","BRAF_mutation, Platelets_v1, Hemoglobin, ALT, ECOG",0.49137262507817,0.26478350499431,0.564464536883492,0.11574895808078,0.118518518518518,584,0.322347764878367,0.0774093135112987,14.6477355957031,14.6566848754883
"C385","BRAF_mutation, Brain_Metastasis, neoadjuvant_treatment, ECOG",0.487181260058327,0.262605098690948,0.524086230306961,0.115998225375,0.126811594202899,605,0.405009443277639,0.323176954363049,14.6336784362793,16.1072654724121
"C69","BRAF_mutation, Platelets_v1, Bilirubin, ECOG",0.489327211130843,0.269088640439637,0.56752147166151,0.115056018946056,0.120147874306839,585,0.320729316246467,0.353957419682483,14.6245155334473,14.4925384521484
"C325","BRAF_mutation, Platelets_v1, Bilirubin, neoadjuvant_treatment, ECOG",0.489605881062932,0.269087648981092,0.559194422084681,0.115389911985434,0.121268656716418,580,0.3302918737968,0.351962078855256,14.5527496337891,14.7772636413574
"C361","BRAF_mutation, Hemoglobin, AST, Bilirubin, neoadjuvant_treatment, ECOG",0.492815681057412,0.272847250732595,0.544419382890233,0.114848596958229,0.117863720073665,588,0.391652981568874,0.331480698782156,14.4919586181641,15.3780174255371
"C33","BRAF_mutation, AST, ECOG",0.496203748379986,0.265131165404685,0.559621343596125,0.112704125545739,0.126929674099485,638,0.350053426711992,0.352120952859265,14.4615516662598,14.8194847106934
"C289","BRAF_mutation, AST, neoadjuvant_treatment, ECOG",0.496022535239589,0.265135294089907,0.551386726760589,0.113001067768461,0.1280276816609,633,0.359195943774191,0.338992439456322,14.4166145324707,15.0963859558105
"C329","BRAF_mutation, Hemoglobin, Bilirubin, neoadjuvant_treatment, ECOG",0.496215486243477,0.268902123583423,0.574560610338761,0.11492858298326,0.119266055045872,591,0.293230867599736,0.367266218794141,14.4045944213867,14.1806221008301
"C373","BRAF_mutation, Platelets_v1, ALT, AST, Bilirubin, neoadjuvant_treatment, ECOG",0.497783941071176,0.274366919935878,0.565465142523617,0.116150598603727,0.118421052631579,576,0.320297172937497,0.345159430875293,14.3711967468262,14.5642547607422
"C181","BRAF_mutation, Platelets_v1, ALT, AST, Brain_Metastasis, ECOG",0.496260153097609,0.294329950480512,0.519400212680201,0.13192964060781,0.116731517509728,556,0.4097318434142,0.302218639175231,14.3462677001953,16.2197952270508
"C497","BRAF_mutation, ALT, AST, Bilirubin, Brain_Metastasis, neoadjuvant_treatment, ECOG",0.492593324770986,0.307666764801089,0.554502023838863,0.12786018819555,0.112185686653772,561,0.318784776175507,0.373670055741253,14.3315124511719,14.9161834716797
"C53","BRAF_mutation, Platelets_v1, ALT, AST, ECOG",0.502104718972232,0.269531298760927,0.556305745156601,0.116609403225517,0.122040072859745,596,0.388318418254698,0.186919612505308,14.2248649597168,14.8806037902832
"C97","BRAF_mutation, AST, Bilirubin, ECOG",0.501227200731595,0.298476131252826,0.547760895057381,0.125452723353861,0.118279569892473,606,0.301434210820676,0.368866313709906,14.2004165649414,15.2186241149902
"C305","BRAF_mutation, ALT, AST, neoadjuvant_treatment, ECOG",0.506993142065822,0.279869908676334,0.573629692231364,0.118380398649742,0.12565445026178,626,0.268070267866297,0.355605444506304,14.133373260498,14.2447624206543
"C185","BRAF_mutation, Hemoglobin, ALT, AST, Brain_Metastasis, ECOG",0.506159686628562,0.299537608837336,0.574320614605575,0.127791002071377,0.116760828625236,576,0.215015455418633,0.371294957277784,14.0851058959961,14.1895751953125
"C205","BRAF_mutation, Platelets_v1, Hemoglobin, Bilirubin, Brain_Metastasis, ECOG",0.505163942662061,0.285790047063334,0.638850830822848,0.124203654071073,0.112,537,0.175370811515005,0.379576161906294,14.0332527160645,11.6024627685547
"C101","BRAF_mutation, Platelets_v1, AST, Bilirubin, ECOG",0.51177400783414,0.272892336302352,0.577462179450492,0.115740591098379,0.11873840445269,583,0.313035215286283,0.24603279552233,14.0233306884766,14.0929756164551
"C5","BRAF_mutation, Platelets_v1, ECOG",0.513595662462718,0.261503730752581,0.585222743002821,0.113772350952551,0.125223613595707,609,0.305021359028683,0.34535528973227,13.955867767334,13.7358779907227
"C369","BRAF_mutation, ALT, AST, Bilirubin, neoadjuvant_treatment, ECOG",0.516499550319237,0.290366905801175,0.527421777012188,0.121823602178725,0.117967332123412,599,0.355519210012853,0.377010351591386,13.8362312316895,15.9900550842285
"C209","BRAF_mutation, ALT, Bilirubin, Brain_Metastasis, ECOG",0.513200767757086,0.298057194493056,0.531277221286644,0.130299468278912,0.110898661567877,567,0.480013418011317,0.320315607145924,13.8261451721191,15.756103515625
"C161","BRAF_mutation, AST, Brain_Metastasis, ECOG",0.51929278917755,0.288223497457902,0.536944364343042,0.125746333312072,0.122486288848263,597,0.351455010547491,0.315720099400259,13.7573204040527,15.6074600219727
"C109","BRAF_mutation, Platelets_v1, Hemoglobin, AST, Bilirubin, ECOG",0.524603156704879,0.272883891242337,0.578990859990446,0.116298960812497,0.116981132075472,571,0.306360310713927,0.314546895166962,13.6971435546875,14.0257110595703
"C25","BRAF_mutation, Hemoglobin, ALT, ECOG",0.524022234336983,0.288756437954805,0.540447534248214,0.125187504128978,0.121478873239437,618,0.295027901982332,0.371462425550277,13.620491027832,15.4687995910645
"C281","BRAF_mutation, Hemoglobin, ALT, neoadjuvant_treatment, ECOG",0.526802725642618,0.274952319252685,0.609419559859255,0.119584055934653,0.122557726465364,613,0.244034696524305,0.372688292895967,13.5654449462891,12.7781181335449
"C433","BRAF_mutation, ALT, AST, Brain_Metastasis, neoadjuvant_treatment, ECOG",0.505483386592573,0.450547668149749,0.575652964057571,0.358861311210532,0.121042830540037,585,0.338899052367014,0.365980491846655,13.4760208129883,12.9192123413086
"C21","BRAF_mutation, Platelets_v1, ALT, ECOG",0.528946340397118,0.289062160528331,0.608902958912529,0.125669356241808,0.121597096188748,598,0.167446540493981,0.306452969382738,13.4357299804688,12.7670402526855
"C345","BRAF_mutation, Hemoglobin, ALT, Bilirubin, neoadjuvant_treatment, ECOG",0.539467540337007,0.290024125156849,0.587512149786245,0.124538971974351,0.116236162361624,587,0.286761614903039,0.327171787583111,13.2318687438965,13.6484375
"C277","BRAF_mutation, Platelets_v1, ALT, neoadjuvant_treatment, ECOG",0.54052511519052,0.29297433521627,0.562021845373861,0.127894314301928,0.122710622710623,593,0.289822973725393,0.371895352385837,13.1559867858887,14.6078224182129
"C421","BRAF_mutation, Platelets_v1, AST, Brain_Metastasis, neoadjuvant_treatment, ECOG",0.542229917401013,0.297185024217298,0.521248773210813,0.133891334828369,0.119140625,556,0.388891777016138,0.344223948007091,13.1549873352051,16.1238327026367
"C229","BRAF_mutation, Platelets_v1, AST, Bilirubin, Brain_Metastasis, ECOG",0.540789431894894,0.298136439674822,0.572792150019711,0.128053444289374,0.112648221343874,546,0.304322096953123,0.38040644928023,13.0687294006348,14.1430435180664
"C301","BRAF_mutation, Platelets_v1, Hemoglobin, AST, neoadjuvant_treatment, ECOG",0.546407629318594,0.292386494973966,0.57695256364409,0.129860917123683,0.121268656716418,581,0.330313252057894,0.307307670811134,12.9921264648438,14.0105514526367
"C81","BRAF_mutation, ALT, Bilirubin, ECOG",0.55495906898801,0.307125735088491,0.476761903392099,0.127978918868373,0.116696588868941,605,0.367842663485089,0.375291552496095,12.8381996154785,17.5976791381836
"C61","BRAF_mutation, Platelets_v1, Hemoglobin, ALT, AST, ECOG",0.558026124294536,0.273412806191362,0.563374678519156,0.120123200997391,0.118959107806691,582,0.320164001226193,0.220108977835492,12.7440185546875,14.569465637207
"C77","BRAF_mutation, Platelets_v1, Hemoglobin, Bilirubin, ECOG",0.557264207771463,0.293368954323747,0.561730973230093,0.126034692228884,0.118421052631579,573,0.2483231235258,0.376533182488166,12.7365493774414,14.6305809020996
"C393","BRAF_mutation, Hemoglobin, Brain_Metastasis, neoadjuvant_treatment, ECOG",0.561858062924786,0.288430594907035,0.55094188265261,0.13068560896467,0.120593692022264,587,0.406358407705317,0.323679400106072,12.6442222595215,15.0265274047852
"C501","BRAF_mutation, Platelets_v1, ALT, AST, Bilirubin, Brain_Metastasis, neoadjuvant_treatment, ECOG",0.561862884478772,0.300478429812741,0.580968035711495,0.131323295924273,0.112224448897796,539,0.332990261782394,0.346231949911055,12.6435813903809,13.8935127258301
"C65","BRAF_mutation, Bilirubin, ECOG",0.563899971461312,0.296688333391,0.532801419755061,0.123777943106181,0.119642857142857,609,0.348347194750219,0.372673055325584,12.6040458679199,15.7748641967773
"C341","BRAF_mutation, Platelets_v1, ALT, Bilirubin, neoadjuvant_treatment, ECOG",0.563968065679515,0.325020886622759,0.563020334112193,0.138474643954194,0.118198874296435,577,0.163013424485632,0.870681079604315,12.5212821960449,14.5599479675293
"C441","BRAF_mutation, Hemoglobin, ALT, AST, Brain_Metastasis, neoadjuvant_treatment, ECOG",0.513932670076311,0.637515168642149,0.506502541808101,0.574133978940335,0.11787072243346,571,0.547315590133631,0.378656113334099,12.5062942504883,13.3447189331055
"C133","BRAF_mutation, Platelets_v1, Brain_Metastasis, ECOG",0.565343029261467,0.297661401491367,0.588902148746673,0.132826527726272,0.120229007633588,569,0.275476992053111,0.373357652786573,12.5018043518066,13.5363578796387
"C377","BRAF_mutation, Hemoglobin, ALT, AST, Bilirubin, neoadjuvant_treatment, ECOG",0.569754311917196,0.295910953049852,0.591783474170743,0.125230149067394,0.116451016635859,586,0.288524399040035,0.332949256396156,12.4820556640625,13.5047760009766
"C257","BRAF_mutation, neoadjuvant_treatment, ECOG",0.571035708189775,0.281046950462347,0.545916045392129,0.123238788236617,0.130952380952381,646,0.34510314050404,0.370695093048786,12.4780654907227,15.2881317138672
"C149","BRAF_mutation, Platelets_v1, ALT, Brain_Metastasis, ECOG",0.574272857356438,0.293109017995688,0.590796890489349,0.13274255015258,0.116279069767442,558,0.318428223447547,0.335407751043209,12.4255561828613,13.5586204528809
"C449","BRAF_mutation, Bilirubin, Brain_Metastasis, neoadjuvant_treatment, ECOG",0.574196456701961,0.306813133376381,0.632770784385437,0.132644533948425,0.115163147792706,566,0.231414781356497,0.3688105155471,12.3383903503418,11.9166679382324
"C85","BRAF_mutation, Platelets_v1, ALT, Bilirubin, ECOG",0.577574382833841,0.304733700433453,0.558675026571842,0.129142534305246,0.117100371747212,582,0.228583625525354,0.37745373262387,12.2319412231445,14.7542190551758
"C365","BRAF_mutation, Platelets_v1, Hemoglobin, AST, Bilirubin, neoadjuvant_treatment, ECOG",0.584418445853525,0.272117524607292,0.632306271119456,0.116633432904418,0.118095238095238,566,0.205800424301879,0.220804071966482,12.1843719482422,11.9482955932617
"C129","BRAF_mutation, Brain_Metastasis, ECOG",0.574917934472691,0.356049448668345,0.552271341672736,0.239856161283181,0.125673249551167,610,0.275721748846565,0.373476503741248,12.1469078063965,14.301570892334
"C333","BRAF_mutation, Platelets_v1, Hemoglobin, Bilirubin, neoadjuvant_treatment, ECOG",0.58626908608138,0.292157696130713,0.57718499114787,0.125998366178211,0.119544592030361,568,0.249247949969385,0.37903433687554,12.0948143005371,14.0787658691406
"C233","BRAF_mutation, Hemoglobin, AST, Bilirubin, Brain_Metastasis, ECOG",0.58831440113019,0.302181337876036,0.542979385107817,0.134499486540313,0.110679611650485,556,0.378806639596603,0.338255958050759,12.039493560791,15.3648986816406
"C509","BRAF_mutation, Platelets_v1, Hemoglobin, ALT, AST, Bilirubin, Brain_Metastasis, neoadjuvant_treatment, ECOG",0.587139140850808,0.3149661619561,0.56768784801565,0.135841958332907,0.109979633401222,528,0.29194164420602,0.382158066257797,11.9975891113281,14.3927536010742
"C285","BRAF_mutation, Platelets_v1, Hemoglobin, ALT, neoadjuvant_treatment, ECOG",0.593462037663957,0.28375486208649,0.602286753217848,0.122821232873732,0.119626168224299,579,0.25302662845461,0.368812347202371,11.8752212524414,13.0636444091797
"C13","BRAF_mutation, Platelets_v1, Hemoglobin, ECOG",0.596255334195484,0.27045248521397,0.608556451987902,0.120269025534288,0.122262773722628,594,0.216711250194401,0.369896097921484,11.8635444641113,12.8462753295898
"C37","BRAF_mutation, Platelets_v1, AST, ECOG",0.60224617032905,0.270711080117638,0.603085522564986,0.11647860119077,0.123188405797101,601,0.23435660213308,0.376733173470006,11.6705284118652,13.030330657959
"C105","BRAF_mutation, Hemoglobin, AST, Bilirubin, ECOG",0.600391936352335,0.30606783044326,0.533118408965969,0.127080910812432,0.116788321167883,593,0.362936784413656,0.375842818449747,11.6050033569336,15.6948318481445
"C125","BRAF_mutation, Platelets_v1, Hemoglobin, ALT, AST, Bilirubin, ECOG",0.607589012310592,0.311033028361312,0.543745367521417,0.131433927231243,0.115530303030303,569,0.229746199393112,0.377944656564339,11.5738105773926,15.3583450317383
"C249","BRAF_mutation, Hemoglobin, ALT, AST, Bilirubin, Brain_Metastasis, ECOG",0.5996475550775,0.346833244087815,0.605438609014436,0.145882140063693,0.10916179337232,554,0.132690410104517,0.861476125912944,11.5362701416016,12.8529281616211
"C261","BRAF_mutation, Platelets_v1, neoadjuvant_treatment, ECOG",0.618132967046874,0.276570089956063,0.580623482223416,0.121468618282646,0.126353790613718,604,0.336312336176637,0.376732915252367,11.3602256774902,13.9671058654785
"C493","BRAF_mutation, Platelets_v1, Hemoglobin, AST, Bilirubin, Brain_Metastasis, neoadjuvant_treatment, ECOG",0.615616836281384,0.304467770045657,0.610801019615818,0.131244415027851,0.111561866125761,530,0.239142371324033,0.381140815657828,11.3344955444336,12.7466049194336
"C45","BRAF_mutation, Platelets_v1, Hemoglobin, AST, ECOG",0.615275065421245,0.293617820789053,0.630894188936131,0.127156663597694,0.120147874306839,586,0.184053682261275,0.377064924881152,11.3304595947266,11.9616088867188
"C157","BRAF_mutation, Platelets_v1, Hemoglobin, ALT, Brain_Metastasis, ECOG",0.608780957438162,0.425111707765868,0.683735000848092,0.309772087781808,0.112648221343874,545,0.224702759445556,0.868409684636812,11.3237648010254,10.0287246704102
"C141","BRAF_mutation, Platelets_v1, Hemoglobin, Brain_Metastasis, ECOG",0.589621993250128,0.609239101594889,0.528797548158489,0.548324795797551,0.116731517509728,555,0.511985832465588,0.37826816427042,11.2414321899414,13.0084114074707
"C337","BRAF_mutation, ALT, Bilirubin, neoadjuvant_treatment, ECOG",0.623290937266058,0.292536911507613,0.572761259231058,0.125027363095845,0.117753623188406,600,0.320538081772648,0.370827738479425,11.1542472839355,14.2313499450684
"C73","BRAF_mutation, Hemoglobin, Bilirubin, ECOG",0.626317620101026,0.290388727625413,0.569611422442133,0.123996213745817,0.118181818181818,596,0.289997312401527,0.376254610112701,11.1531219482422,14.4022369384766
"C1","BRAF_mutation, ECOG",0.625445472915447,0.279161634979735,0.566660267929322,0.121605198005652,0.129848229342327,651,0.254098389253477,0.373471570513947,11.1378440856934,14.4890060424805
"C9","BRAF_mutation, Hemoglobin, ECOG",0.624221290528738,0.281954860869573,0.561592682540325,0.125261583453583,0.124352331606217,632,0.31357561115184,0.348530208246861,11.1267433166504,14.6486930847168
"C213","BRAF_mutation, Platelets_v1, ALT, Bilirubin, Brain_Metastasis, ECOG",0.621958740999972,0.339615564118892,0.65228455872672,0.147653754877342,0.110891089108911,545,0.047435765741739,0.860013912169453,11.0849685668945,11.1315727233887
"C297","BRAF_mutation, Hemoglobin, AST, neoadjuvant_treatment, ECOG",0.624333488416484,0.402273780646105,0.593830824195793,0.310975237079355,0.123893805309735,616,0.34725862554554,0.304530157495854,11.0191841125488,12.6308555603027
"C505","BRAF_mutation, Hemoglobin, ALT, AST, Bilirubin, Brain_Metastasis, neoadjuvant_treatment, ECOG",0.629599476273463,0.34450703210936,0.595564502957165,0.146149516862923,0.110236220472441,549,0.133612726882378,0.861981954257353,10.9840774536133,13.301139831543
"C121","BRAF_mutation, Hemoglobin, ALT, AST, Bilirubin, ECOG",0.637076287193877,0.303615696869277,0.638010043111614,0.126830009833016,0.115384615384615,591,0.155547816984338,0.373575801567718,10.8251304626465,11.6994323730469
"C469","BRAF_mutation, Platelets_v1, ALT, Bilirubin, Brain_Metastasis, neoadjuvant_treatment, ECOG",0.638149512282987,0.335631337121958,0.659539317491659,0.146018285327753,0.112,540,0.0597944620679238,0.86330000713556,10.8160781860352,10.9352645874023
"C464","ALT, Bilirubin, Brain_Metastasis, neoadjuvant_treatment, ECOG",0.63402994396602,0.501779656012121,0.689040778931888,0.410544267745981,0.111853088480801,648,0.311498513098703,0.901249153197221,10.7106437683105,9.87479782104492
"C317","BRAF_mutation, Platelets_v1, Hemoglobin, ALT, AST, neoadjuvant_treatment, ECOG",0.639085208223828,0.300535022031798,0.546611949346119,0.131070411301978,0.120075046904315,577,0.324856356711037,0.378613202333871,10.7073822021484,15.1681213378906
"C496","ALT, AST, Bilirubin, Brain_Metastasis, neoadjuvant_treatment, ECOG",0.639331157180302,0.509391296336271,0.672993188330188,0.412800500073455,0.110552763819096,646,0.312586248223024,0.900186140596756,10.6486434936523,10.2952690124512
"C208","ALT, Bilirubin, Brain_Metastasis, ECOG",0.640385254459559,0.527486463855697,0.721113094127791,0.438716180817004,0.110927152317881,653,0.332386853911497,0.902061833489032,10.5691757202148,9.1613655090332
"C413","BRAF_mutation, Platelets_v1, Hemoglobin, ALT, Brain_Metastasis, neoadjuvant_treatment, ECOG",0.643881218053785,0.565944960881215,0.688666391983091,0.486316507815527,0.11377245508982,540,0.370420746767953,0.875730525219078,10.4867210388184,9.86325836181641
"C293","BRAF_mutation, Platelets_v1, AST, neoadjuvant_treatment, ECOG",0.651371534335545,0.300142152134449,0.633965000782494,0.129921823876455,0.124314442413163,596,0.163189182857874,0.377206046851094,10.4666137695312,11.8308753967285
"C313","BRAF_mutation, Hemoglobin, ALT, AST, neoadjuvant_treatment, ECOG",0.652972362647918,0.3006732731256,0.626512655241221,0.128450193203619,0.122994652406417,611,0.138437026013964,0.376294303969876,10.4377479553223,12.1175193786621
"C429","BRAF_mutation, Platelets_v1, Hemoglobin, AST, Brain_Metastasis, neoadjuvant_treatment, ECOG",0.653793850789954,0.302335383978091,0.65449786569935,0.13471504104973,0.115537848605578,542,0.183914493868822,0.377031670774844,10.4181900024414,11.0727386474609
"C57","BRAF_mutation, Hemoglobin, ALT, AST, ECOG",0.646175559250218,0.542818835459824,0.723217739685668,0.468696875170584,0.12190812720848,616,0.364744122955136,0.50001142145428,10.381160736084,9.05820846557617
"C309","BRAF_mutation, Platelets_v1, ALT, AST, neoadjuvant_treatment, ECOG",0.661209597768024,0.304969335586116,0.569147488675047,0.131710969288787,0.123161764705882,591,0.254172596491541,0.377581615340515,10.3253555297852,14.377571105957
"C152","Hemoglobin, ALT, Brain_Metastasis, ECOG",0.655205527466902,0.396981300553088,0.742461147926341,0.278083974074513,0.115447154471545,665,0.194119630952428,0.901244146308411,10.3130874633789,8.30405426025391
"C212","Platelets_v1, ALT, Bilirubin, Brain_Metastasis, ECOG",0.665406357753588,0.322115203374388,0.800492887590694,0.13707367627096,0.111301369863014,629,0.0672562531151653,0.895845400391784,10.2611541748047,6.34228134155273
"C240","ALT, AST, Bilirubin, Brain_Metastasis, ECOG",0.656836756791174,0.532781562969872,0.701052876013235,0.441303124112085,0.109634551495017,651,0.334776372329058,0.900829877187332,10.1951026916504,9.51520538330078
"C468","Platelets_v1, ALT, Bilirubin, Brain_Metastasis, neoadjuvant_treatment, ECOG",0.666865109513817,0.321833674806307,0.78547568482994,0.137084250561012,0.112262521588947,624,0.0590354787430016,0.895485429289161,10.1834182739258,6.75094985961914
"C113","BRAF_mutation, ALT, AST, Bilirubin, ECOG",0.665154893633062,0.309944138383834,0.615931057543134,0.128227201080111,0.116906474820144,604,0.128427750119138,0.373784300833639,10.1460151672363,12.5158195495605
"C241","BRAF_mutation, ALT, AST, Bilirubin, Brain_Metastasis, ECOG",0.672805888214432,0.341539353444125,0.624320081724746,0.145377508663114,0.111111111111111,566,0.124104646304202,0.862045336707096,9.96136474609375,12.1712913513184
"C165","BRAF_mutation, Platelets_v1, AST, Brain_Metastasis, ECOG",0.682856082858365,0.308535846340368,0.682682808052999,0.134282136387025,0.117988394584139,561,0.138842789352008,0.379614447737572,9.81604766845703,10.0850028991699
"C173","BRAF_mutation, Platelets_v1, Hemoglobin, AST, Brain_Metastasis, ECOG",0.682592532424442,0.320360814899786,0.699513858025438,0.143908652826117,0.11439842209073,547,0.0671381882086926,0.856074130975279,9.77240753173828,9.47357177734375
"C137","BRAF_mutation, Hemoglobin, Brain_Metastasis, ECOG",0.68422061844607,0.278751832436968,0.601326845512,0.126931081924449,0.119485294117647,592,0.193199364332054,0.379397451616368,9.75219345092773,13.1001586914062
"C489","BRAF_mutation, Hemoglobin, AST, Bilirubin, Brain_Metastasis, neoadjuvant_treatment, ECOG",0.684360882735996,0.313209273612202,0.767326896247717,0.134563135212089,0.111764705882353,551,0.0787850989669423,0.839416005008475,9.72392654418945,7.23356246948242
"C408","Hemoglobin, ALT, Brain_Metastasis, neoadjuvant_treatment, ECOG",0.687745936634987,0.421037614392487,0.749916382281425,0.312798834684063,0.116393442622951,660,0.225757379261291,0.899980946740303,9.70733642578125,8.25004959106445
"C349","BRAF_mutation, Platelets_v1, Hemoglobin, ALT, Bilirubin, neoadjuvant_treatment, ECOG",0.688535049501042,0.30969641891416,0.683524021453518,0.135467808524264,0.116412213740458,565,0.114499475201897,0.377941359613496,9.65015029907227,10.0234756469727
"C269","BRAF_mutation, Platelets_v1, Hemoglobin, neoadjuvant_treatment, ECOG",0.695754350357783,0.306735586813225,0.606066027033617,0.137383361804953,0.123388581952118,589,0.153375260163878,0.882068961243638,9.58689498901367,12.9561920166016
"C472","Hemoglobin, ALT, Bilirubin, Brain_Metastasis, neoadjuvant_treatment, ECOG",0.694950800392208,0.3261213425218,0.741941441359395,0.134943386841957,0.110356536502547,635,0.0454860504347321,0.894302650407964,9.46397018432617,8.02339553833008
"C192","Bilirubin, Brain_Metastasis, ECOG",0.699704154103378,0.367785029291843,0.731363300263443,0.2243010362336,0.113673805601318,657,0.14312885532677,0.903681499830009,9.45658874511719,8.527099609375
"C216","Hemoglobin, ALT, Bilirubin, Brain_Metastasis, ECOG",0.704582342484319,0.325532027010306,0.752187174452167,0.135307346549774,0.10942760942761,640,0.0347455995638279,0.89549480635963,9.33626556396484,7.74305725097656
"C148","Platelets_v1, ALT, Brain_Metastasis, ECOG",0.705927672126254,0.312540037358356,0.790282788991684,0.132826826019551,0.115577889447236,644,0.0259983693657537,0.906642402363588,9.31826019287109,6.57943344116211
"C245","BRAF_mutation, Platelets_v1, ALT, AST, Bilirubin, Brain_Metastasis, ECOG",0.71281354298516,0.343579974249364,0.651748597602043,0.148758371260236,0.111111111111111,544,0.0370268025978784,0.857245007716505,9.30033493041992,11.2585182189941
"C224","AST, Bilirubin, Brain_Metastasis, ECOG",0.706141305434843,0.481686077559057,0.69176930928654,0.382195472238251,0.110927152317881,653,0.284715771245657,0.900517122415383,9.2802619934082,9.64008331298828
"C453","BRAF_mutation, Platelets_v1, Bilirubin, Brain_Metastasis, neoadjuvant_treatment, ECOG",0.707331118491816,0.32613206153969,0.680279043929616,0.143868589113773,0.115308151093439,543,0.0333362817297789,0.863920891106221,9.27035140991211,10.145679473877
"C176","ALT, AST, Brain_Metastasis, ECOG",0.711934826521298,0.463746451611048,0.726044176726176,0.363037722004324,0.11698717948718,677,0.271513334250039,0.908908210367218,9.26676177978516,8.91176223754883
"C476","Platelets_v1, Hemoglobin, ALT, Bilirubin, Brain_Metastasis, neoadjuvant_treatment, ECOG",0.710780964756705,0.321356635861165,0.816432704720576,0.136424639333974,0.110526315789474,612,0.122497869968705,0.886007938948946,9.24595642089844,5.85229873657227
"C437","BRAF_mutation, Platelets_v1, ALT, AST, Brain_Metastasis, neoadjuvant_treatment, ECOG",0.709078378406264,0.294190791119218,0.680800866514578,0.127130847564398,0.117878192534381,551,0.0993792218955885,0.379203629722813,9.22637557983398,10.1397590637207
"C144","ALT, Brain_Metastasis, ECOG",0.71901318184955,0.469955286339111,0.732571449279402,0.37170230858617,0.119426751592357,681,0.278799801807104,0.909234228068283,9.17681503295898,8.80706024169922
"C93","BRAF_mutation, Platelets_v1, Hemoglobin, ALT, Bilirubin, ECOG",0.712146052894904,0.321619815532562,0.668438289588969,0.138584287028397,0.11531190926276,570,0.0314551361432611,0.901997148209075,9.11650848388672,10.5256271362305
"C400","ALT, Brain_Metastasis, neoadjuvant_treatment, ECOG",0.726209679588043,0.474907038800931,0.724519365239236,0.378216182851759,0.120385232744783,676,0.283782799064366,0.908503564990535,9.1020622253418,9.05366516113281
"C184","Hemoglobin, ALT, AST, Brain_Metastasis, ECOG",0.719587736017517,0.318760757883969,0.76259213723566,0.135182007461839,0.11437908496732,662,0.018944354134383,0.900403690982138,9.05652236938477,7.42799758911133
"C417","BRAF_mutation, AST, Brain_Metastasis, neoadjuvant_treatment, ECOG",0.728396777222748,0.484570245905516,0.699691855719127,0.39060819037883,0.123616236162362,592,0.289788272243289,0.875759166111836,9.02522277832031,9.58764266967773
"C220","Platelets_v1, Hemoglobin, ALT, Bilirubin, Brain_Metastasis, ECOG",0.720575986211798,0.321765143827227,0.842901344739057,0.137862127055231,0.109565217391304,617,0.130474936101924,0.887072833912674,8.99577713012695,5.11296081542969
"C440","Hemoglobin, ALT, AST, Brain_Metastasis, neoadjuvant_treatment, ECOG",0.72280041285842,0.420469442529789,0.771121400422832,0.306819517824432,0.115321252059308,657,0.220682792178795,0.899229825421354,8.97259140014648,7.62745666503906
"C504","Hemoglobin, ALT, AST, Bilirubin, Brain_Metastasis, neoadjuvant_treatment, ECOG",0.731048701789185,0.331985218247274,0.731770933877105,0.136175539022135,0.109028960817717,633,0.0318428538024209,0.893261229896567,8.90093231201172,8.46137237548828
"C424","Hemoglobin, AST, Brain_Metastasis, neoadjuvant_treatment, ECOG",0.735336939495368,0.435116694195612,0.758723017314272,0.328303847674372,0.11620294599018,662,0.239021884810029,0.898255603204851,8.88592910766602,8.11964416503906
"C168","Hemoglobin, AST, Brain_Metastasis, ECOG",0.732041657589171,0.316724846179975,0.75782727123985,0.134815238147604,0.11525974025974,667,0.00847059991970989,0.899335218060507,8.80343627929688,7.58268356323242
"C404","Platelets_v1, ALT, Brain_Metastasis, neoadjuvant_treatment, ECOG",0.729148663771231,0.314655726698511,0.767258858695828,0.133788194470045,0.116554054054054,639,0.00891575991752536,0.904521465397459,8.78623962402344,7.22892379760742
"C169","BRAF_mutation, Hemoglobin, AST, Brain_Metastasis, ECOG",0.740149572045915,0.593813019609404,0.670630609581791,0.517790926830633,0.117757009345794,581,0.397053625433542,0.867272291150939,8.72982788085938,9.94377899169922
"C480","AST, Bilirubin, Brain_Metastasis, neoadjuvant_treatment, ECOG",0.755053711943123,0.601718716831901,0.749944105989388,0.525794806364167,0.111853088480801,648,0.404760197787944,0.899735115167658,8.72399139404297,8.68908309936523
"C41","BRAF_mutation, Hemoglobin, AST, ECOG",0.73387293391615,0.319236199277503,0.649509038670287,0.13862202917156,0.12280701754386,621,0.0648870673400381,0.877705595516672,8.71517944335938,11.2490692138672
"C49","BRAF_mutation, ALT, AST, ECOG",0.742319311995659,0.412042708959859,0.715913169085042,0.307518885569568,0.124567474048443,631,0.224992609633879,0.374730164520922,8.70622634887695,9.11257171630859
"C248","Hemoglobin, ALT, AST, Bilirubin, Brain_Metastasis, ECOG",0.738408336457362,0.331264120007118,0.753521820037156,0.136164023213868,0.108108108108108,638,0.0562685072622398,0.894342371357854,8.69530487060547,7.72332382202148
"C448","Bilirubin, Brain_Metastasis, neoadjuvant_treatment, ECOG",0.754067460083779,0.435770229367077,0.721709995192555,0.327776807859994,0.114617940199335,652,0.23904841970809,0.902441865639615,8.65110015869141,9.11858367919922
"C432","ALT, AST, Brain_Metastasis, neoadjuvant_treatment, ECOG",0.759330227436664,0.455504156554998,0.737706519860122,0.351119430358732,0.117932148626818,672,0.259397767441328,0.908221180771463,8.59165954589844,8.77167510986328
"C500","Platelets_v1, ALT, AST, Bilirubin, Brain_Metastasis, neoadjuvant_treatment, ECOG",0.751239844468354,0.338312275214044,0.7783204368337,0.163996950863335,0.110918544194107,622,0.0851213229399326,0.893774293645545,8.43808364868164,6.99929046630859
"C488","Hemoglobin, AST, Bilirubin, Brain_Metastasis, neoadjuvant_treatment, ECOG",0.756122835823515,0.330360004331019,0.739344380147332,0.137271868549897,0.110356536502547,635,0.0199388491483985,0.892522160526315,8.39673233032227,8.19864654541016
"C244","Platelets_v1, ALT, AST, Bilirubin, Brain_Metastasis, ECOG",0.748876706740124,0.34704088862122,0.775676468813982,0.184924871440142,0.109965635738832,627,0.103906967309242,0.893928502877081,8.37717437744141,7.0469856262207
"C484","Platelets_v1, AST, Bilirubin, Brain_Metastasis, neoadjuvant_treatment, ECOG",0.757075483043303,0.324461716782077,0.795009429668611,0.138567861804314,0.112262521588947,624,0.0588254120837728,0.893399321075194,8.30316925048828,6.44760131835938
"C508","Platelets_v1, Hemoglobin, ALT, AST, Bilirubin, Brain_Metastasis, neoadjuvant_treatment, ECOG",0.760159959787944,0.325882708432115,0.81938131618139,0.13706535200321,0.109154929577465,610,0.119864299336194,0.884376399440406,8.28816986083984,5.78383255004883
"C265","BRAF_mutation, Hemoglobin, neoadjuvant_treatment, ECOG",0.758464380793594,0.307952879063333,0.634482400800423,0.134594581321177,0.125435540069686,627,0.0918594567185502,0.875276980351564,8.2420768737793,11.819393157959
"C180","Platelets_v1, ALT, AST, Brain_Metastasis, ECOG",0.759147059155721,0.317922790834181,0.795884965662497,0.133969202742104,0.114478114478115,641,0.0309636585933233,0.906176868673387,8.23054885864258,6.38909912109375
"C228","Platelets_v1, AST, Bilirubin, Brain_Metastasis, ECOG",0.769657656033487,0.322796517802717,0.804380386376545,0.138183995668936,0.111301369863014,629,0.0669975568532468,0.893771037321164,8.06251525878906,6.1730842590332
"C156","Platelets_v1, Hemoglobin, ALT, Brain_Metastasis, ECOG",0.776609985752387,0.31340660358791,0.848516110126478,0.134432902893914,0.112627986348123,630,0.0813471584537744,0.892116929032247,7.91526794433594,4.97090148925781
"C412","Platelets_v1, Hemoglobin, ALT, Brain_Metastasis, neoadjuvant_treatment, ECOG",0.77857769181346,0.314263952740374,0.828160973541632,0.134658626497423,0.113597246127367,625,0.0722691834004663,0.889766445219252,7.91239166259766,5.52527618408203
"C381","BRAF_mutation, Platelets_v1, Hemoglobin, ALT, AST, Bilirubin, neoadjuvant_treatment, ECOG",0.776027781907808,0.304993806353509,0.677173990642196,0.130923617269119,0.116634799235181,564,0.0455968505378332,0.3739885567825,7.90985107421875,10.2685623168945
"C436","Platelets_v1, ALT, AST, Brain_Metastasis, neoadjuvant_treatment, ECOG",0.781258816231115,0.319301051615641,0.781942142560531,0.133978854644325,0.115449915110356,636,0.00980484253567915,0.904153988056189,7.81947326660156,6.8016242980957
"C232","Hemoglobin, AST, Bilirubin, Brain_Metastasis, ECOG",0.790327536026977,0.330915939902193,0.79821478272547,0.137239705806013,0.10942760942761,640,0.0916367277038541,0.893719598837635,7.80670547485352,6.41559219360352
"C456","Hemoglobin, Bilirubin, Brain_Metastasis, neoadjuvant_treatment, ECOG",0.78315888330268,0.318193886811402,0.760730739048846,0.135025523195801,0.113175675675676,639,0.0290427753932427,0.894772930319553,7.78709411621094,7.45084762573242
"C200","Hemoglobin, Bilirubin, Brain_Metastasis, ECOG",0.777876913913436,0.316863036955605,0.755278554663386,0.134460614487066,0.112227805695143,644,0.0203323277333596,0.896311846629083,7.77142715454102,7.54751205444336
"C140","Platelets_v1, Hemoglobin, Brain_Metastasis, ECOG",0.792630536962989,0.307215149067457,0.796368799448554,0.132347374956755,0.116161616161616,640,0.0543717044080661,0.895779126275196,7.66281890869141,6.42301177978516
"C16","ALT, ECOG",0.793103498115438,0.299841167141158,0.801585132888203,0.125465196377406,0.126676602086438,730,0.0654882409857773,0.914427000786067,7.60033798217773,6.2321891784668
"C252","Platelets_v1, Hemoglobin, ALT, AST, Bilirubin, Brain_Metastasis, ECOG",0.800410302495704,0.325962703363093,0.832968708559931,0.1387491736241,0.108202443280977,615,0.127513943102014,0.885270720046172,7.48370742797852,5.37286758422852
"C88","Hemoglobin, ALT, Bilirubin, ECOG",0.804309480729884,0.308674285984419,0.802549850132513,0.127757318716342,0.118296529968454,685,0.0852205854815484,0.905941618499451,7.43949508666992,6.22014236450195
"C492","Platelets_v1, Hemoglobin, AST, Bilirubin, Brain_Metastasis, neoadjuvant_treatment, ECOG",0.809263110614518,0.319549696329522,0.826666644551278,0.136403410999522,0.110526315789474,612,0.113328201932877,0.883522391255165,7.38320159912109,5.577880859375
"C272","ALT, neoadjuvant_treatment, ECOG",0.798767731097178,0.298579106089346,0.803004508486089,0.12585666027737,0.127627627627627,724,0.0592732607464701,0.911932027859025,7.3803825378418,6.11071395874023
"C357","BRAF_mutation, Platelets_v1, AST, Bilirubin, neoadjuvant_treatment, ECOG",0.808792591397004,0.309752655626243,0.655401188036475,0.132776858473602,0.119850187265918,578,0.0645429755803511,0.377519084386579,7.37576293945312,11.0795783996582
"C204","Platelets_v1, Hemoglobin, Bilirubin, Brain_Metastasis, ECOG",0.812581168113106,0.321529008289266,0.818604108034039,0.135984404418749,0.112456747404844,620,0.0941966651949504,0.887417770071112,7.30266952514648,5.77319717407227
"C196","Platelets_v1, Bilirubin, Brain_Metastasis, ECOG",0.812933327173025,0.317661176031556,0.81626411622619,0.135165407228999,0.114139693356048,632,0.0527942858193689,0.897593577497845,7.22674560546875,5.79408645629883
"C444","Platelets_v1, Hemoglobin, ALT, AST, Brain_Metastasis, neoadjuvant_treatment, ECOG",0.818965065658006,0.317673612064421,0.841672394618456,0.134764426199015,0.112456747404844,622,0.0796663574445073,0.889344128619335,7.18786239624023,5.15452575683594
"C172","Platelets_v1, Hemoglobin, AST, Brain_Metastasis, ECOG",0.82095459536047,0.312645429607549,0.838087439837861,0.134061114579512,0.112627986348123,631,0.0823977592042562,0.890710597192921,7.17901992797852,5.27249908447266
"C460","Platelets_v1, Hemoglobin, Bilirubin, Brain_Metastasis, neoadjuvant_treatment, ECOG",0.820767631558174,0.322934848080461,0.804827219200783,0.136227329342847,0.113438045375218,615,0.0925541598226687,0.885710778242787,7.1654052734375,6.1567268371582
"C164","Platelets_v1, AST, Brain_Metastasis, ECOG",0.826010385165318,0.314160644508625,0.849361655671839,0.133122442233789,0.115577889447236,646,0.07574099628911,0.904493976930498,7.11895751953125,4.988525390625
"C188","Platelets_v1, Hemoglobin, ALT, AST, Brain_Metastasis, ECOG",0.819850800320472,0.317806497431412,0.849575092568578,0.134942388440474,0.111492281303602,627,0.0814055746801095,0.89163498326754,7.0917854309082,4.90117645263672
"C160","AST, Brain_Metastasis, ECOG",0.824507679654494,0.313481477018927,0.818532900297861,0.133532046997201,0.119236883942766,684,0.0558454367775696,0.908820952024089,7.02872848510742,5.72890090942383
"C396","Platelets_v1, Hemoglobin, Brain_Metastasis, neoadjuvant_treatment, ECOG",0.824915687378535,0.302529760019259,0.792947103610204,0.131263692933325,0.117147707979627,635,0.0656125597358912,0.893309955598556,7.02048492431641,6.47988891601562
"C452","Platelets_v1, Bilirubin, Brain_Metastasis, neoadjuvant_treatment, ECOG",0.828431155837654,0.317012195389723,0.808535041146716,0.135679745112236,0.11512027491409,627,0.0442895375834969,0.896537742739195,7.00914764404297,6.04308700561523
"C416","AST, Brain_Metastasis, neoadjuvant_treatment, ECOG",0.837336901608719,0.350736914051798,0.785587795216244,0.204488329933045,0.120192307692308,679,0.122757259628418,0.908058068290459,6.95192718505859,6.91004943847656
"C48","ALT, AST, ECOG",0.82744136547671,0.303759642130687,0.767022410904307,0.126805272111696,0.124437781109445,726,0.0351411152920507,0.914276890051218,6.93864822387695,7.22826385498047
"C237","BRAF_mutation, Platelets_v1, Hemoglobin, AST, Bilirubin, Brain_Metastasis, ECOG",0.840265015636094,0.336849425613263,0.745605898720756,0.148256406056169,0.110441767068273,535,0.0691080280674126,0.856134049448567,6.90562057495117,7.98595809936523
"C388","Platelets_v1, Brain_Metastasis, neoadjuvant_treatment, ECOG",0.837879114826626,0.299817542289754,0.828667814790654,0.129529634820807,0.119800332778702,651,0.0637492612098523,0.90834337258879,6.84389495849609,5.5008430480957
"C00","",0.838307715467132,0.310503070427633,0.767063393695292,0.235812559258571,0.120867768595042,1070,0.16984391216233,1,6.82992172241211,7.54524612426758
"C132","Platelets_v1, Brain_Metastasis, ECOG",0.84147925875566,0.302142602268712,0.8412514045476,0.130715919321393,0.118811881188119,656,0.0590065585575204,0.910660057846817,6.68993759155273,5.09591293334961
"C134","Albumin, Platelets_v1, Brain_Metastasis, ECOG",0.842390055392058,0.302854082788799,0.833550276020235,0.130932408119889,0.11900826446281,655,0.0547291881961105,0.909110515001801,6.67958450317383,5.30438232421875
"C236","Platelets_v1, Hemoglobin, AST, Bilirubin, Brain_Metastasis, ECOG",0.855409369663289,0.323993457743421,0.821336817214412,0.13837816030643,0.109565217391304,617,0.109015396786069,0.884611571062761,6.61908721923828,5.71541976928711
"C384","Brain_Metastasis, neoadjuvant_treatment, ECOG",0.853538753196986,0.29874297577208,0.813749598905379,0.129739243746082,0.124213836477987,694,0.0495685115662032,0.913929067996709,6.61138534545898,5.93097686767578
"C136","Hemoglobin, Brain_Metastasis, ECOG",0.852098613135612,0.302608861357448,0.794715919804243,0.131310991088796,0.118210862619808,679,0.0561049713412711,0.905122278427005,6.60107421875,6.44047546386719
"C72","Hemoglobin, Bilirubin, ECOG",0.853685066840281,0.306954634789775,0.811382420931069,0.127097412076245,0.120879120879121,689,0.0613288326558461,0.903036588080254,6.5549201965332,5.92027282714844
"C128","Brain_Metastasis, ECOG",0.854724066167744,0.301369879693517,0.82214189847802,0.13124766458737,0.123244929797192,699,0.0712402837915525,0.914752700384306,6.53424835205078,5.65342330932617
"C130","Albumin, Brain_Metastasis, ECOG",0.856931677556072,0.301587060890911,0.817663485042281,0.131474846081311,0.1234375,698,0.0700332779451696,0.913727378206493,6.49981689453125,5.77598190307617
"C304","ALT, AST, neoadjuvant_treatment, ECOG",0.85468483312155,0.303887283278544,0.810581870984759,0.126959650972763,0.125377643504532,720,0.0582765216422512,0.911803265167567,6.47797775268555,5.9192008972168
"C344","Hemoglobin, ALT, Bilirubin, neoadjuvant_treatment, ECOG",0.863684087535473,0.305961451921549,0.845829905868295,0.128277729178018,0.119236883942766,679,0.130625007574217,0.903198963026801,6.42461776733398,5.02314758300781
"C420","Platelets_v1, AST, Brain_Metastasis, neoadjuvant_treatment, ECOG",0.861732090102086,0.315437206173493,0.850969192695848,0.133554561067075,0.116554054054054,641,0.0800627631018258,0.902291793457453,6.41259765625,4.86486434936523
"C390","Albumin, Platelets_v1, Brain_Metastasis, neoadjuvant_treatment, ECOG",0.86199515916784,0.302506147047633,0.842610419742725,0.13120149180333,0.12,650,0.081844324602474,0.906797723888403,6.37501907348633,5.07391738891602
"C428","Platelets_v1, Hemoglobin, AST, Brain_Metastasis, neoadjuvant_treatment, ECOG",0.864083775062094,0.314558931899011,0.842725188268592,0.134922529464812,0.113597246127367,626,0.0681162193910723,0.888471825864105,6.35306549072266,5.06437301635742
"C328","Hemoglobin, Bilirubin, neoadjuvant_treatment, ECOG",0.868393859909743,0.303127099798573,0.817083107211309,0.126322398156495,0.121835443037975,683,0.0583154279770781,0.900633799293982,6.28539276123047,5.74810409545898
"C392","Hemoglobin, Brain_Metastasis, neoadjuvant_treatment, ECOG",0.877316012854611,0.30424996733883,0.799542993615634,0.13178307453376,0.119162640901771,674,0.0751496918165091,0.903790238271553,6.21499633789062,6.30721664428711
"C264","Hemoglobin, neoadjuvant_treatment, ECOG",0.882074664702149,0.294175647193948,0.801602426433004,0.125898338988711,0.126696832579186,721,0.0743725482508295,0.905816944921407,6.19984817504883,6.29928588867188
"C64","Bilirubin, ECOG",0.890144088439119,0.328522405834199,0.853575710160989,0.17624310072967,0.121913580246913,703,0.123671400376693,0.908959097548057,6.15413665771484,5.11387634277344
"C20","Platelets_v1, ALT, ECOG",0.872155718764283,0.299593432401695,0.856872678778203,0.125049278698885,0.123630672926447,692,0.102105551762487,0.906305448669081,6.15210723876953,4.64955520629883
"C80","ALT, Bilirubin, ECOG",0.88793597642408,0.306284494855963,0.890679318691397,0.126616585693719,0.11937984496124,699,0.14351890711814,0.911866844846954,6.09965515136719,3.95942306518555
"C24","Hemoglobin, ALT, ECOG",0.886323624898336,0.303708555012345,0.777279909950674,0.12599231029573,0.123287671232877,713,0.0563236507476628,0.906530237831184,6.07821273803711,6.95560455322266
"C280","Hemoglobin, ALT, neoadjuvant_treatment, ECOG",0.888964288995435,0.302516581531381,0.788755668073783,0.125958044668112,0.124233128834356,707,0.0480256892847859,0.904596923296342,6.06782531738281,6.64292907714844
"C386","Albumin, Brain_Metastasis, neoadjuvant_treatment, ECOG",0.883595555309112,0.301898194992462,0.797207349700281,0.131120511597901,0.124409448818897,693,0.0479941813919813,0.91286223966379,6.04648208618164,6.32501983642578
"C76","Platelets_v1, Hemoglobin, Bilirubin, ECOG",0.894145886837815,0.308038495947558,0.836628721816448,0.126478193171063,0.121555915721232,664,0.108021826677174,0.895108326176842,6.01705169677734,5.28808212280273
"C96","AST, Bilirubin, ECOG",0.896927156884037,0.309468240824038,0.902803612224014,0.127238522008026,0.11937984496124,699,0.162057120051313,0.909884013734169,5.95563507080078,3.687255859375
"C276","Platelets_v1, ALT, neoadjuvant_treatment, ECOG",0.895863593411731,0.296897158543658,0.834704646336361,0.125224304325845,0.124605678233438,686,0.116424978048114,0.904014423513548,5.95319747924805,5.33711624145508
"C40","Hemoglobin, AST, ECOG",0.895922268452297,0.30550724724422,0.770504981474643,0.126539080405247,0.123100303951368,715,0.0403752240326178,0.906039015316559,5.95311737060547,7.16908645629883
"C120","Hemoglobin, ALT, AST, Bilirubin, ECOG",0.898825028726938,0.309882697390532,0.820052646916534,0.126976868506516,0.117088607594937,683,0.111090479935817,0.906105081522692,5.90829086303711,5.70515823364258
"C336","ALT, Bilirubin, neoadjuvant_treatment, ECOG",0.910388409118719,0.351919170136202,0.890903962352475,0.220485857347865,0.1203125,693,0.193704273457262,0.908435732722317,5.85033416748047,4.52042770385742
"C288","AST, neoadjuvant_treatment, ECOG",0.903409578409117,0.300572649933041,0.833937256596654,0.126199737075843,0.127436281859071,727,0.083110651904863,0.911083452020191,5.80765151977539,5.3292236328125
"C32","AST, ECOG",0.903325350993499,0.300013597168561,0.813181216393864,0.126081654446261,0.126488095238095,733,0.0731079426980652,0.913479154213334,5.80057144165039,5.88598251342773
"C312","Hemoglobin, ALT, AST, neoadjuvant_treatment, ECOG",0.906151398194554,0.305609804212058,0.795044896533858,0.126845491106771,0.12326656394453,704,0.0515941385599179,0.904360130425468,5.79911041259766,6.42366027832031
"C8","Hemoglobin, ECOG",0.907966013342429,0.29071787115637,0.805392248435198,0.124994895704856,0.125748502994012,727,0.0555382092491632,0.907960234432241,5.7254524230957,6.12963485717773
"C320","Bilirubin, neoadjuvant_treatment, ECOG",0.940845006639117,0.39681093494934,0.8775599959222,0.288138753620499,0.122861586314153,697,0.224705711195717,0.906302737998996,5.65382766723633,5.27999877929688
"C56","Hemoglobin, ALT, AST, ECOG",0.918738866886914,0.310221522186626,0.775834533105939,0.126635651344297,0.122324159021407,710,0.0493772008304108,0.906224776899241,5.60747528076172,6.97817611694336
"C28","Platelets_v1, Hemoglobin, ALT, ECOG",0.920780146964894,0.305253422961715,0.844691182948614,0.126825491691232,0.121212121212121,677,0.114038193167367,0.896125057883243,5.5754280090332,5.04542922973633
"C296","Hemoglobin, AST, neoadjuvant_treatment, ECOG",0.926559632954035,0.304816487950333,0.800676910950034,0.127130005599019,0.124042879019908,709,0.0710095890325042,0.904086833869621,5.50135803222656,6.25577163696289
"C308","Platelets_v1, ALT, AST, neoadjuvant_treatment, ECOG",0.930700991315526,0.304733008183336,0.851125283751219,0.127163819952737,0.123613312202853,683,0.114349905506919,0.903855065977226,5.39155960083008,4.84231185913086
"C256","neoadjuvant_treatment, ECOG",0.933492925013415,0.289649238267308,0.874597364098855,0.124345038094429,0.131075110456554,742,0.0862618436808178,0.914373825767585,5.34078216552734,4.28722381591797
"C104","Hemoglobin, AST, Bilirubin, ECOG",0.939177263050544,0.308555814079989,0.849305078482362,0.12701109729468,0.118296529968454,685,0.129779546621908,0.903909263808711,5.33308410644531,4.91580581665039
"C368","ALT, AST, Bilirubin, neoadjuvant_treatment, ECOG",0.964691755411426,0.366142374913431,0.926207732359266,0.236519415472209,0.119122257053292,691,0.222847007103264,0.908267727599956,5.32000350952148,4.08456802368164
"C284","Platelets_v1, Hemoglobin, ALT, neoadjuvant_treatment, ECOG",0.939739018020618,0.302215189054221,0.866135033344403,0.126383677296542,0.122186495176849,671,0.124611699457833,0.894048288751599,5.30759429931641,4.50070190429688
"C348","Platelets_v1, Hemoglobin, ALT, Bilirubin, neoadjuvant_treatment, ECOG",0.943066259104865,0.303955091591942,0.896646564516928,0.127404052235571,0.119868637110016,655,0.191442613565967,0.896174567538134,5.2310676574707,3.77944183349609
"C2","Albumin, ECOG",0.943080567002317,0.291674700514313,0.860408584062443,0.124837122990943,0.130307467057101,747,0.0986160839820993,0.915492864036459,5.18601226806641,4.61051559448242
"C0","ECOG",0.943027594664318,0.29143649222473,0.861643783414357,0.124595085497003,0.130116959064327,748,0.0976903765076971,0.916767847515902,5.18423843383789,4.57632446289062
"C352","AST, Bilirubin, neoadjuvant_treatment, ECOG",0.977272330078413,0.379112411379697,0.915640341115881,0.259205552701353,0.1203125,693,0.2286879288193,0.907009713996181,5.17648696899414,4.39187622070312
"C52","Platelets_v1, ALT, AST, ECOG",0.950939844946742,0.305588419737665,0.899450632828487,0.125710523549896,0.122641509433963,689,0.149191086573463,0.90618275970545,5.17122650146484,3.73146057128906
"C112","ALT, AST, Bilirubin, ECOG",0.953120164481449,0.309763827199202,0.89868821210593,0.126853695560816,0.118195956454121,697,0.146983763909691,0.912028992006744,5.13204574584961,3.73919677734375
"C92","Platelets_v1, Hemoglobin, ALT, Bilirubin, ECOG",0.950540512533112,0.307619590872849,0.860119196613239,0.127754368288605,0.118892508143323,661,0.157922699524362,0.89890063211302,5.1229248046875,4.61030197143555
"C258","Albumin, neoadjuvant_treatment, ECOG",0.953492334056291,0.290470718681412,0.858120855515203,0.125439293611056,0.131268436578171,741,0.103611456106815,0.913029809573089,5.11355209350586,4.72097778320312
"C84","Platelets_v1, ALT, Bilirubin, ECOG",0.952669095790157,0.305272226189339,0.935671694994767,0.126861929239644,0.120192307692308,674,0.200856906191157,0.90728170769358,5.1082878112793,2.98923873901367
"C376","Hemoglobin, ALT, AST, Bilirubin, neoadjuvant_treatment, ECOG",0.956713142531647,0.307509651976879,0.870099518571421,0.127318153946701,0.118022328548644,677,0.156020931716992,0.903177685536943,5.10688781738281,4.40987396240234
"C124","Platelets_v1, Hemoglobin, ALT, AST, Bilirubin, ECOG",0.965952235517828,0.310405245017862,0.874137269359569,0.1277815338745,0.11764705882353,659,0.166888451048478,0.899041481971184,4.97686767578125,4.29920959472656
"C340","Platelets_v1, ALT, Bilirubin, neoadjuvant_treatment, ECOG",0.968134087668361,0.303404033883927,0.96025522739939,0.126829519157314,0.121163166397415,668,0.214256314859287,0.904322014153461,4.96548843383789,2.59154510498047
"C68","Platelets_v1, Bilirubin, ECOG",0.96828175782348,0.304347301450564,0.91177471490864,0.125415483007193,0.12280701754386,677,0.169972682509986,0.903387224459242,4.93196868896484,3.45959091186523
"C4","Platelets_v1, ECOG",0.969309845218538,0.293310380362032,0.939415903346283,0.123687017026413,0.126543209876543,704,0.161610041400459,0.907730559092776,4.87737274169922,2.91532897949219
"C360","Hemoglobin, AST, Bilirubin, neoadjuvant_treatment, ECOG",0.97611531987185,0.305813970481671,0.857045714469943,0.127638812663594,0.119236883942766,679,0.140286723114426,0.901514679352285,4.87158966064453,4.74869537353516
"C268","Platelets_v1, Hemoglobin, neoadjuvant_treatment, ECOG",0.972738157654419,0.293629629974525,0.86700857986807,0.126055913956501,0.125396825396825,681,0.117679999512084,0.895195500279392,4.85266494750977,4.48270797729492
"C332","Platelets_v1, Hemoglobin, Bilirubin, neoadjuvant_treatment, ECOG",0.976825855782257,0.306197282402059,0.891891881656707,0.127588072699349,0.122549019607843,658,0.172015917062525,0.892606364613413,4.7963981628418,3.86736679077148
"C292","Platelets_v1, AST, neoadjuvant_treatment, ECOG",0.981638113399903,0.298938373941219,0.87981827640899,0.125497676390386,0.124605678233438,688,0.159648893215582,0.901677467401667,4.79172515869141,4.19331359863281
"C6","Albumin, Platelets_v1, ECOG",0.984851522931747,0.292791665830744,0.926305519530024,0.12350962327221,0.126738794435858,703,0.159923343380889,0.906407099262704,4.64784622192383,3.14031982421875
"C316","Platelets_v1, Hemoglobin, ALT, AST, neoadjuvant_treatment, ECOG",1.00322161708321,0.308753338321807,0.877604660818499,0.127411219083202,0.121163166397415,668,0.124825097606042,0.893837655872608,4.60103607177734,4.26501083374023
"C116","Platelets_v1, ALT, AST, Bilirubin, ECOG",0.995762496164082,0.308276477909645,0.958459535561201,0.127200502861818,0.118971061093247,672,0.22346738054807,0.907370716817974,4.55454635620117,2.57238006591797
"C260","Platelets_v1, neoadjuvant_treatment, ECOG",1.00309930876824,0.2931483550023,0.957330750821071,0.124598873525116,0.127527216174184,698,0.197552056818251,0.905453489619006,4.44916152954102,2.60111236572266
"C12","Platelets_v1, Hemoglobin, ECOG",0.99948335828957,0.295100635137763,0.878588914723065,0.12470175115896,0.124409448818897,687,0.128158340407532,0.897509339437709,4.43062973022461,4.12520980834961
"C324","Platelets_v1, Bilirubin, neoadjuvant_treatment, ECOG",1.0190991664268,0.302607505217707,0.963978070634173,0.125880914178307,0.12379421221865,671,0.209924448372176,0.900732523971781,4.35496139526367,2.5257568359375
"C300","Platelets_v1, Hemoglobin, AST, neoadjuvant_treatment, ECOG",1.01974202209637,0.304325207178238,0.894067753591066,0.127892300401593,0.122186495176849,672,0.141016728236292,0.893145021060899,4.34195327758789,3.86981582641602
"C44","Platelets_v1, Hemoglobin, AST, ECOG",1.02699276085405,0.307246597758784,0.855718088223746,0.127051320485087,0.121212121212121,678,0.120031337818585,0.8952774751633,4.29561614990234,4.77689743041992
"C100","Platelets_v1, AST, Bilirubin, ECOG",1.02063126530791,0.306314738570319,0.964793170418585,0.127196103651724,0.120192307692308,674,0.222540947980874,0.905224589275318,4.29390716552734,2.48566818237305
"C36","Platelets_v1, AST, ECOG",1.03583432203333,0.306166744663178,0.92414942370584,0.125157563850882,0.123630672926447,694,0.190048867961492,0.903922101898364,4.21667861938477,3.24613571166992
"C380","Platelets_v1, Hemoglobin, ALT, AST, Bilirubin, neoadjuvant_treatment, ECOG",1.03075952218599,0.310502566561858,0.916856454167036,0.129116091773098,0.118616144975288,653,0.206543272901391,0.8963290855446,4.17975234985352,3.34108352661133
"C60","Platelets_v1, Hemoglobin, ALT, AST, ECOG",1.04663470573389,0.310758271226828,0.869115010072572,0.127093383643937,0.120192307692308,674,0.131958887073027,0.895923150197165,4.07415390014648,4.42800521850586
"C262","Albumin, Platelets_v1, neoadjuvant_treatment, ECOG",1.03543171474898,0.290783581309936,0.951333746334557,0.123894989938914,0.127725856697819,697,0.185247459406427,0.904011688621821,4.00920486450195,2.64896392822266
"C356","Platelets_v1, AST, Bilirubin, neoadjuvant_treatment, ECOG",1.04915074445274,0.30585511097309,0.985274898883208,0.127835819103459,0.121163166397415,668,0.246211657373604,0.902400675251529,4.00893402099609,2.18960952758789
"C372","Platelets_v1, ALT, AST, Bilirubin, neoadjuvant_treatment, ECOG",1.05323073147106,0.308667607898158,0.991077781991761,0.127570114615906,0.119935170178282,666,0.236223521602558,0.904384405391612,3.94791030883789,2.08813095092773
"C108","Platelets_v1, Hemoglobin, AST, Bilirubin, ECOG",1.07888799922495,0.310598888070028,0.952954671403434,0.127791669664599,0.118892508143323,661,0.216192750485464,0.896970685537642,3.74434661865234,2.69989013671875
"C364","Platelets_v1, Hemoglobin, AST, Bilirubin, neoadjuvant_treatment, ECOG",1.08618674714061,0.308791003831053,0.99182169928624,0.128425975662254,0.119868637110016,655,0.252951773071457,0.894419955761035,3.65411376953125,2.09800338745117
